sample_id,ena_analysis
AR0001-C,ERZ1695275
AR0002-C,ERZ1695276
AR0004-C,ERZ1695277
AR0006-C,ERZ1695278
AR0007-C,ERZ1695279
AR0008-C,ERZ1695280
AR0009-C,ERZ1695281
AR0010-Cx,ERZ1695282
AR0011-C,ERZ1695283
AR0012-C,ERZ1695284
AR0013-Cx,ERZ1695285
AR0014-C,ERZ1695286
AR0015-C,ERZ1695287
AR0016-Cx,ERZ1695288
AR0017-C,ERZ1695289
AR0018-Cx,ERZ1695290
AR0019-C,ERZ1695291
AR0020-C,ERZ1695292
AR0021-C,ERZ1695293
AR0022-C,ERZ1695294
AR0023-C,ERZ1695295
AR0024-C,ERZ1695296
AR0026-C,ERZ1695297
AR0027-C,ERZ1695298
AR0034-C,ERZ1695299
AR0035-C,ERZ1695300
AR0036-C,ERZ1695301
AR0038-C,ERZ1695302
AR0040-C,ERZ1695303
AR0042-C,ERZ1695304
AR0043-C,ERZ1695305
AR0044-C,ERZ1695306
AR0045-C,ERZ1695307
AR0046-C,ERZ1695308
AR0047-C,ERZ1695309
AR0048-C,ERZ1695310
AR0049-C,ERZ1695311
AR0050-Cx,ERZ1695312
AR0051-C,ERZ1695313
AR0052-C,ERZ1695314
AR0053-C,ERZ1695315
AR0054-Cx,ERZ1695316
AR0057-C,ERZ1695317
AR0059-C,ERZ1695318
AR0060-C,ERZ1695319
AR0061-C,ERZ1695320
AR0062-C,ERZ1695321
AR0063-C,ERZ1695322
AR0064-C,ERZ1695323
AR0065-C,ERZ1695324
AR0066-C,ERZ1695325
AR0069-Cx,ERZ1695326
AR0070-Cx,ERZ1695327
AR0071-C,ERZ1695328
AR0072-C,ERZ1695329
AR0073-C,ERZ1695330
AR0074-C,ERZ1695331
AR0075-C,ERZ1695332
AR0076-C,ERZ1695333
AR0077-C,ERZ1695334
AR0078-C,ERZ1695335
AR0079-C,ERZ1695336
AR0080-C,ERZ1695337
AR0081-Cx,ERZ1695338
AR0082-C,ERZ1695339
AR0083-C,ERZ1695340
AR0084-C,ERZ1695341
AR0085-C,ERZ1695342
AR0086-C,ERZ1695343
AR0087-C,ERZ1695344
AR0088-C,ERZ1695345
AR0089-C,ERZ1695346
AR0090-Cx,ERZ1695347
AR0092-C,ERZ1695348
AR0093-C,ERZ1695349
AR0094-C,ERZ1695350
AR0095-C,ERZ1695351
AR0096-C,ERZ1695352
AR0097-C,ERZ1695353
AR0098-C,ERZ1695354
AR0100-C,ERZ1695355
AB0085-Cx,ERZ1695356
AB0086-Cx,ERZ1695357
AB0087-C,ERZ1695358
AB0088-C,ERZ1695359
AB0089-Cx,ERZ1695360
AB0090-C,ERZ1695361
AB0091-C,ERZ1695362
AB0092-C,ERZ1695363
AB0094-Cx,ERZ1695364
AB0095-Cx,ERZ1695365
AB0096-C,ERZ1695366
AB0097-Cx,ERZ1695367
AB0098-Cx,ERZ1695368
AB0099-Cx,ERZ1695369
AB0100-C,ERZ1695370
AB0101-C,ERZ1695371
AB0103-C,ERZ1695372
AB0104-Cx,ERZ1695373
AB0109-C,ERZ1695374
AB0110-C,ERZ1695375
AB0111-C,ERZ1695376
AB0112-C,ERZ1695377
AB0113-C,ERZ1695378
AB0114-C,ERZ1695379
AB0115-C,ERZ1695380
AB0116-C,ERZ1695381
AB0117-C,ERZ1695382
AB0118-C,ERZ1695383
AB0119-C,ERZ1695384
AB0121-C,ERZ1695385
AB0122-C,ERZ1695386
AB0123-C,ERZ1695387
AB0124-C,ERZ1695388
AB0126-Cx,ERZ1695389
AB0127-C,ERZ1695390
AB0128-C,ERZ1695391
AB0129-C,ERZ1695392
AB0130-Cx,ERZ1695393
AB0131-Cx,ERZ1695394
AB0132-C,ERZ1695395
AB0133-C,ERZ1695396
AB0134-C,ERZ1695397
AB0135-C,ERZ1695398
AB0136-Cx,ERZ1695399
AB0137-Cx,ERZ1695400
AB0138-Cx,ERZ1695401
AB0139-C,ERZ1695402
AB0140-C,ERZ1695403
AB0142-C,ERZ1695404
AB0143-Cx,ERZ1695405
AB0144-C,ERZ1695406
AB0145-C,ERZ1695407
AB0146-Cx,ERZ1695408
AB0147-C,ERZ1695409
AB0148-Cx,ERZ1695410
AB0150-Cx,ERZ1695411
AB0151-Cx,ERZ1695412
AB0153-C,ERZ1695413
AB0155-Cx,ERZ1695414
AB0157-Cx,ERZ1695415
AB0158-Cx,ERZ1695416
AB0159-C,ERZ1695417
AB0160-Cx,ERZ1695418
AB0161-C,ERZ1695419
AB0162-C,ERZ1695420
AB0164-C,ERZ1695421
AB0165-C,ERZ1695422
AB0166-C,ERZ1695423
AB0167-C,ERZ1695424
AB0169-C,ERZ1695425
AB0170-C,ERZ1695426
AB0171-Cx,ERZ1695427
AB0172-Cx,ERZ1695428
AB0173-C,ERZ1695429
AB0174-C,ERZ1695430
AB0175-Cx,ERZ1695431
AB0176-Cx,ERZ1695432
AB0177-C,ERZ1695433
AB0178-C,ERZ1695434
AB0179-Cx,ERZ1695435
AB0180-Cx,ERZ1695436
AB0181-C,ERZ1695437
AB0182-C,ERZ1695438
AB0183-C,ERZ1695439
AB0184-C,ERZ1695440
AB0185-Cx,ERZ1695441
AB0186-C,ERZ1695442
AB0187-C,ERZ1695443
AB0188-C,ERZ1695444
AB0189-C,ERZ1695445
AB0190-C,ERZ1695446
AB0191-Cx,ERZ1695447
AB0192-C,ERZ1695448
AB0193-C,ERZ1695449
AB0194-C,ERZ1695450
AB0196-C,ERZ1695451
AB0197-C,ERZ1695452
AB0198-C,ERZ1695453
AB0199-C,ERZ1695454
AB0200-C,ERZ1695455
AB0201-Cx,ERZ1695456
AB0202-Cx,ERZ1695457
AB0203-C,ERZ1695458
AB0204-C,ERZ1695459
AB0205-C,ERZ1695460
AB0206-C,ERZ1695461
AB0207-C,ERZ1695462
AB0208-C,ERZ1695463
AB0209-C,ERZ1695464
AB0210-C,ERZ1695465
AB0211-C,ERZ1695466
AB0212-C,ERZ1695467
AB0213-C,ERZ1695468
AB0214-C,ERZ1695469
AB0215-C,ERZ1695470
AB0216-C,ERZ1695471
AB0217-C,ERZ1695472
AB0218-C,ERZ1695473
AB0219-Cx,ERZ1695474
AB0221-C,ERZ1695475
AB0222-C,ERZ1695476
AB0223-C,ERZ1695477
AB0224-C,ERZ1695478
AB0225-C,ERZ1695479
AB0226-C,ERZ1695480
AB0227-Cx,ERZ1695481
AB0228-C,ERZ1695482
AB0229-C,ERZ1695483
AB0230-Cx,ERZ1695484
AB0231-C,ERZ1695485
AB0232-Cx,ERZ1695486
AB0233-C,ERZ1695487
AB0234-C,ERZ1695488
AB0235-C,ERZ1695489
AB0236-Cx,ERZ1695490
AB0237-C,ERZ1695491
AB0238-C,ERZ1695492
AB0239-C,ERZ1695493
AB0240-C,ERZ1695494
AB0241-C,ERZ1695495
AB0242-C,ERZ1695496
AB0243-C,ERZ1695497
AB0244-C,ERZ1695498
AB0246-C,ERZ1695499
AB0247-C,ERZ1695500
AB0248-C,ERZ1695501
AB0249-Cx,ERZ1695502
AB0250-Cx,ERZ1695503
AB0251-C,ERZ1695504
AB0252-C,ERZ1695505
AB0253-C,ERZ1695506
AB0255-C,ERZ1695507
AB0256-C,ERZ1695508
AB0257-C,ERZ1695509
AB0258-Cx,ERZ1695510
AB0259-Cx,ERZ1695511
AB0260-C,ERZ1695512
AB0261-Cx,ERZ1695513
AB0262-Cx,ERZ1695514
AB0263-C,ERZ1695515
AB0264-C,ERZ1695516
AB0265-C,ERZ1695517
AB0266-Cx,ERZ1695518
AB0267-C,ERZ1695519
AB0268-C,ERZ1695520
AB0269-Cx,ERZ1695521
AB0270-C,ERZ1695522
AB0271-Cx,ERZ1695523
AB0272-Cx,ERZ1695524
AB0273-Cx,ERZ1695525
AB0274-C,ERZ1695526
AB0275-C,ERZ1695527
AB0276-C,ERZ1695528
AB0277-C,ERZ1695529
AB0278-C,ERZ1695530
AB0279-C,ERZ1695531
AB0280-Cx,ERZ1695532
AB0281-Cx,ERZ1695533
AB0282-Cx,ERZ1695534
AB0283-C,ERZ1695535
AB0284-C,ERZ1695536
AB0326-C,ERZ1695537
AB0327-C,ERZ1695538
AB0328-C,ERZ1695539
AB0329-C,ERZ1695540
AB0330-C,ERZ1695541
AB0331-C,ERZ1695542
AB0332-C,ERZ1695543
AB0333-C,ERZ1695544
AB0334-C,ERZ1695545
AB0337-C,ERZ1695546
AB0338-C,ERZ1695547
AB0339-C,ERZ1695548
AB0340-C,ERZ1695549
AB0341-C,ERZ1695550
AB0348-C,ERZ1695551
AB0351-C,ERZ1695552
AB0352-C,ERZ1695553
AB0354-C,ERZ1695554
AB0355-C,ERZ1695555
AB0356-C,ERZ1695556
AB0357-C,ERZ1695557
AB0358-C,ERZ1695558
AB0359-C,ERZ1695559
AB0360-C,ERZ1695560
AB0361-C,ERZ1695561
AB0362-C,ERZ1695562
AB0363-C,ERZ1695563
AB0364-C,ERZ1695564
AB0365-C,ERZ1695565
AB0366-C,ERZ1695566
AB0367-C,ERZ1695567
AB0368-C,ERZ1695568
AB0369-C,ERZ1695569
AB0370-C,ERZ1695570
AB0371-C,ERZ1695571
AB0372-C,ERZ1695572
AB0373-C,ERZ1695573
AB0374-C,ERZ1695574
AB0375-C,ERZ1695575
AB0378-C,ERZ1695576
AB0379-C,ERZ1695577
AB0381-C,ERZ1695578
AB0386-C,ERZ1695579
AB0388-C,ERZ1695580
AB0389-C,ERZ1695581
AB0396-C,ERZ1695582
AB0397-C,ERZ1695583
AB0398-C,ERZ1695584
AB0399-C,ERZ1695585
AB0400-C,ERZ1695586
AB0403-C,ERZ1695587
AB0404-C,ERZ1695588
AB0408-C,ERZ1695589
AB0409-C,ERZ1695590
AB0410-C,ERZ1695591
AB0411-C,ERZ1695592
AB0413-C,ERZ1695593
AB0432-C,ERZ1695594
AB0433-C,ERZ1695595
AB0435-C,ERZ1695596
AB0436-C,ERZ1695597
AB0439-C,ERZ1695598
AB0440-C,ERZ1695599
AB0457-C,ERZ1695600
AB0458-C,ERZ1695601
AB0459-C,ERZ1695602
AB0460-C,ERZ1695603
AB0462-C,ERZ1695604
AB0463-C,ERZ1695605
AB0465-C,ERZ1695606
AB0466-C,ERZ1695607
AB0467-C,ERZ1695608
AB0468-C,ERZ1695609
AB0469-C,ERZ1695610
AB0470-C,ERZ1695611
AB0471-C,ERZ1695612
AB0472-C,ERZ1695613
AB0473-C,ERZ1695614
AB0474-C,ERZ1695615
AB0477-C,ERZ1695616
AB0502-C,ERZ1695617
AB0503-C,ERZ1695618
AB0504-C,ERZ1695619
AB0505-C,ERZ1695620
AB0508-C,ERZ1695621
AB0509-C,ERZ1695622
AB0510-C,ERZ1695623
AB0517-C,ERZ1695624
AB0523-C,ERZ1695625
AB0524-C,ERZ1695626
AB0525-C,ERZ1695627
AB0526-C,ERZ1695628
AB0527-C,ERZ1695629
AB0528-C,ERZ1695630
AB0529-C,ERZ1695631
AB0530-C,ERZ1695632
AB0531-C,ERZ1695633
AB0532-C,ERZ1695634
AB0533-C,ERZ1695635
AB0536-C,ERZ1695636
AB0537-C,ERZ1695637
AB0538-C,ERZ1695638
AB0298-C,ERZ1695639
AB0299-C,ERZ1695640
AB0301-C,ERZ1695641
AB0302-C,ERZ1695642
AB0303-C,ERZ1695643
AB0309-C,ERZ1695644
AB0312-C,ERZ1695645
AB0313-C,ERZ1695646
AB0314-C,ERZ1695647
AB0315-C,ERZ1695648
AB0316-C,ERZ1695649
AB0318-C,ERZ1695650
AB0325-C,ERZ1695651
BP0001-C,ERZ1695652
BP0002-C,ERZ1695653
BP0003-C,ERZ1695654
BP0004-C,ERZ1695655
BP0006-C,ERZ1695656
BP0007-C,ERZ1695657
BP0008-C,ERZ1695658
BP0009-C,ERZ1695659
BP0010-C,ERZ1695660
BP0011-C,ERZ1695661
BP0012-C,ERZ1695662
BP0013-C,ERZ1695663
BP0015-C,ERZ1695664
BP0016-C,ERZ1695665
BP0017-C,ERZ1695666
BP0018-C,ERZ1695667
BP0019-C,ERZ1695668
BP0020-C,ERZ1695669
BP0021-C,ERZ1695670
BP0022-C,ERZ1695671
BP0023-C,ERZ1695672
BP0024-C,ERZ1695673
BP0025-C,ERZ1695674
BP0026-C,ERZ1695675
BP0027-C,ERZ1695676
BP0028-C,ERZ1695677
BP0029-C,ERZ1695678
BP0030-C,ERZ1695679
BP0031-C,ERZ1695680
BP0032-C,ERZ1695681
BP0033-C,ERZ1695682
BP0034-C,ERZ1695683
BP0035-C,ERZ1695684
BP0036-C,ERZ1695685
BP0037-C,ERZ1695686
BP0038-C,ERZ1695687
BP0039-C,ERZ1695688
BP0040-C,ERZ1695689
BP0041-C,ERZ1695690
BP0042-C,ERZ1695691
BP0043-C,ERZ1695692
BP0044-C,ERZ1695693
BP0045-C,ERZ1695694
BP0046-C,ERZ1695695
BP0047-C,ERZ1695696
BP0048-C,ERZ1695697
BP0049-C,ERZ1695698
BP0050-C,ERZ1695699
BP0051-C,ERZ1695700
BP0052-C,ERZ1695701
BP0053-C,ERZ1695702
BP0054-C,ERZ1695703
BP0055-C,ERZ1695704
BP0056-C,ERZ1695705
BP0057-C,ERZ1695706
BP0058-C,ERZ1695707
BP0059-C,ERZ1695708
BP0060-C,ERZ1695709
BP0061-C,ERZ1695710
BP0062-C,ERZ1695711
BP0064-C,ERZ1695712
BP0065-C,ERZ1695713
BP0066-C,ERZ1695714
BP0067-C,ERZ1695715
BP0069-C,ERZ1695716
BP0070-C,ERZ1695717
BP0071-C,ERZ1695718
BP0072-C,ERZ1695719
BP0074-C,ERZ1695720
BP0075-C,ERZ1695721
BP0076-C,ERZ1695722
BP0077-C,ERZ1695723
BP0078-C,ERZ1695724
BP0079-C,ERZ1695725
BP0080-C,ERZ1695726
BP0081-C,ERZ1695727
BK0001-C,ERZ1695728
BK0002-C,ERZ1695729
BK0003-C,ERZ1695730
BK0005-C,ERZ1695731
BK0006-C,ERZ1695732
BK0007-C,ERZ1695733
BK0008-C,ERZ1695734
BK0009-C,ERZ1695735
BK0010-C,ERZ1695736
BK0011-C,ERZ1695737
BK0013-C,ERZ1695738
BK0014-C,ERZ1695739
BK0015-C,ERZ1695740
BK0016-C,ERZ1695741
BK0017-C,ERZ1695742
BK0018-C,ERZ1695743
BK0019-C,ERZ1695744
BK0021-C,ERZ1695745
BK0022-C,ERZ1695746
BK0023-C,ERZ1695747
BK0024-C,ERZ1695748
BK0025-C,ERZ1695749
BK0026-C,ERZ1695750
BK0027-C,ERZ1695751
BK0029-C,ERZ1695752
BK0030-C,ERZ1695753
BK0031-C,ERZ1695754
BK0032-C,ERZ1695755
BK0033-C,ERZ1695756
BK0034-C,ERZ1695757
BK0035-C,ERZ1695758
BK0037-C,ERZ1695759
BK0038-C,ERZ1695760
BK0039-C,ERZ1695761
BK0040-C,ERZ1695762
BK0041-C,ERZ1695763
BK0042-C,ERZ1695764
BK0043-C,ERZ1695765
BK0045-C,ERZ1695766
BK0046-C,ERZ1695767
BK0047-C,ERZ1695768
BK0048-C,ERZ1695769
BK0049-C,ERZ1695770
BK0050-C,ERZ1695771
BK0051-C,ERZ1695772
BK0053-C,ERZ1695773
BK0054-C,ERZ1695774
BK0055-C,ERZ1695775
BK0056-C,ERZ1695776
BK0057-C,ERZ1695777
BK0058-C,ERZ1695778
BK0059-C,ERZ1695779
BK0061-C,ERZ1695780
BK0062-C,ERZ1695781
BK0063-C,ERZ1695782
BK0064-C,ERZ1695783
BK0065-C,ERZ1695784
BK0066-C,ERZ1695785
BK0067-C,ERZ1695786
BK0069-C,ERZ1695787
BK0070-C,ERZ1695788
BK0071-C,ERZ1695789
BK0072-C,ERZ1695790
BK0074-C,ERZ1695791
BK0077-C,ERZ1695792
BK0078-C,ERZ1695793
BK0080-C,ERZ1695794
BK0081-C,ERZ1695795
BK0082-C,ERZ1695796
BK0083-C,ERZ1695797
BK0085-C,ERZ1695798
BK0086-C,ERZ1695799
BK0094-CW,ERZ1695800
AY0006-C,ERZ1695801
AY0007-C,ERZ1695802
AY0010-C,ERZ1695803
AY0011-C,ERZ1695804
AY0012-C,ERZ1695805
AY0013-C,ERZ1695806
AY0014-C,ERZ1695807
AY0015-C,ERZ1695808
AY0016-C,ERZ1695809
AY0017-C,ERZ1695810
AY0018-C,ERZ1695811
AY0019-C,ERZ1695812
AY0020-C,ERZ1695813
AY0021-C,ERZ1695814
AY0023-C,ERZ1695815
AY0024-C,ERZ1695816
AY0025-C,ERZ1695817
AY0026-C,ERZ1695818
AY0027-C,ERZ1695819
AY0028-C,ERZ1695820
AY0029-C,ERZ1695821
AY0031-C,ERZ1695822
AY0032-C,ERZ1695823
AY0033-C,ERZ1695824
AY0034-C,ERZ1695825
AY0035-C,ERZ1695826
AY0036-C,ERZ1695827
AY0038-C,ERZ1695828
AY0039-C,ERZ1695829
AY0040-C,ERZ1695830
AY0041-C,ERZ1695831
AY0042-C,ERZ1695832
AY0043-C,ERZ1695833
AY0044-C,ERZ1695834
AY0045-C,ERZ1695835
AY0046-C,ERZ1695836
AY0047-C,ERZ1695837
AY0048-C,ERZ1695838
AY0049-C,ERZ1695839
AY0050-C,ERZ1695840
AY0052-C,ERZ1695841
AY0053-C,ERZ1695842
AY0054-C,ERZ1695843
AY0055-C,ERZ1695844
AY0056-C,ERZ1695845
AY0057-C,ERZ1695846
AY0058-C,ERZ1695847
AY0059-C,ERZ1695848
AY0060-C,ERZ1695849
AY0061-C,ERZ1695850
AY0062-C,ERZ1695851
AY0063-C,ERZ1695852
AY0064-C,ERZ1695853
AY0065-C,ERZ1695854
AY0066-C,ERZ1695855
AY0067-C,ERZ1695856
AY0068-C,ERZ1695857
AY0069-C,ERZ1695858
AY0070-C,ERZ1695859
AY0071-C,ERZ1695860
AY0072-C,ERZ1695861
AY0073-C,ERZ1695862
AY0074-C,ERZ1695863
AY0075-C,ERZ1695864
AY0076-C,ERZ1695865
AY0077-C,ERZ1695866
AY0078-C,ERZ1695867
AY0079-C,ERZ1695868
AY0080-C,ERZ1695869
AY0082-C,ERZ1695870
AY0083-C,ERZ1695871
AY0084-C,ERZ1695872
AY0085-C,ERZ1695873
AY0086-C,ERZ1695874
AY0087-C,ERZ1695875
AY0088-C,ERZ1695876
AY0089-C,ERZ1695877
AY0090-C,ERZ1695878
AY0091-C,ERZ1695879
AY0092-C,ERZ1695880
AN0007-C,ERZ1695881
AN0008-C,ERZ1695882
AN0009-C,ERZ1695883
AN0010-C,ERZ1695884
AN0011-C,ERZ1695885
AN0012-C,ERZ1695886
AN0013-C,ERZ1695887
AN0014-C,ERZ1695888
AN0015-C,ERZ1695889
AN0016-C,ERZ1695890
AN0017-Cx,ERZ1695891
AN0018-C,ERZ1695892
AN0019-C,ERZ1695893
AN0020-C,ERZ1695894
AN0021-C,ERZ1695895
AN0022-C,ERZ1695896
AN0023-C,ERZ1695897
AN0024-C,ERZ1695898
AN0025-Cx,ERZ1695899
AN0026-Cx,ERZ1695900
AN0027-C,ERZ1695901
AN0028-C,ERZ1695902
AN0029-C,ERZ1695903
AN0030-C,ERZ1695904
AN0031-C,ERZ1695905
AN0032-C,ERZ1695906
AN0033-C,ERZ1695907
AN0034-C,ERZ1695908
AN0035-C,ERZ1695909
AN0036-C,ERZ1695910
AN0037-C,ERZ1695911
AN0038-C,ERZ1695912
AN0039-C,ERZ1695913
AN0040-C,ERZ1695914
AN0041-C,ERZ1695915
AN0042-C,ERZ1695916
AN0043-C,ERZ1695917
AN0044-C,ERZ1695918
AN0045-C,ERZ1695919
AN0046-C,ERZ1695920
AN0047-C,ERZ1695921
AN0048-C,ERZ1695922
AN0049-C,ERZ1695923
AN0050-C,ERZ1695924
AN0051-C,ERZ1695925
AN0053-C,ERZ1695926
AN0054-C,ERZ1695927
AN0055-C,ERZ1695928
AN0056-C,ERZ1695929
AN0057-C,ERZ1695930
AN0058-C,ERZ1695931
AN0059-C,ERZ1695932
AN0060-C,ERZ1695933
AN0061-Cx,ERZ1695934
AN0062-C,ERZ1695935
AN0063-Cx,ERZ1695936
AN0064-C,ERZ1695937
AN0065-Cx,ERZ1695938
AN0066-C,ERZ1695939
AN0067-Cx,ERZ1695940
AN0068-Cx,ERZ1695941
AN0069-C,ERZ1695942
AN0070-C,ERZ1695943
AN0071-C,ERZ1695944
AN0072-Cx,ERZ1695945
AN0073-C,ERZ1695946
AN0074-C,ERZ1695947
AN0075-Cx,ERZ1695948
AN0076-C,ERZ1695949
AN0077-C,ERZ1695950
AN0078-C,ERZ1695951
AN0079-C,ERZ1695952
AN0080-C,ERZ1695953
AN0081-C,ERZ1695954
AN0082-C,ERZ1695955
AN0083-C,ERZ1695956
AN0084-C,ERZ1695957
AN0085-C,ERZ1695958
AN0086-C,ERZ1695959
AN0087-C,ERZ1695960
AN0088-C,ERZ1695961
AN0089-C,ERZ1695962
AN0090-C,ERZ1695963
AN0091-C,ERZ1695964
AN0092-C,ERZ1695965
AN0093-C,ERZ1695966
AN0094-C,ERZ1695967
AN0095-C,ERZ1695968
AN0096-C,ERZ1695969
AN0097-C,ERZ1695970
AN0098-C,ERZ1695971
AN0099-C,ERZ1695972
AN0100-C,ERZ1695973
AN0101-Cx,ERZ1695974
AN0102-C,ERZ1695975
AN0103-C,ERZ1695976
AN0104-C,ERZ1695977
AN0105-C,ERZ1695978
AN0106-C,ERZ1695979
AN0107-C,ERZ1695980
AN0108-C,ERZ1695981
AN0109-C,ERZ1695982
AN0111-C,ERZ1695983
AN0112-Cx,ERZ1695984
AN0113-C,ERZ1695985
AN0114-C,ERZ1695986
AN0115-C,ERZ1695987
AN0117-C,ERZ1695988
AN0118-Cx,ERZ1695989
AN0119-C,ERZ1695990
AN0120-C,ERZ1695991
AN0121-Cx,ERZ1695992
AN0122-C,ERZ1695993
AN0123-Cx,ERZ1695994
AN0124-C,ERZ1695995
AN0125-Cx,ERZ1695996
AN0126-C,ERZ1695997
AN0127-Cx,ERZ1695998
AN0128-C,ERZ1695999
AN0129-C,ERZ1696000
AN0130-C,ERZ1696001
AN0131-C,ERZ1696002
AN0132-Cx,ERZ1696003
AN0133-Cx,ERZ1696004
AN0134-Cx,ERZ1696005
AN0135-Cx,ERZ1696006
AN0136-Cx,ERZ1696007
AN0137-C,ERZ1696008
AN0138-C,ERZ1696009
AN0139-C,ERZ1696010
AN0140-C,ERZ1696011
AN0141-C,ERZ1696012
AN0142-C,ERZ1696013
AN0143-C,ERZ1696014
AN0144-C,ERZ1696015
AN0146-C,ERZ1696016
AN0147-C,ERZ1696017
AN0148-C,ERZ1696018
AN0149-C,ERZ1696019
AN0151-C,ERZ1696020
AN0152-C,ERZ1696021
AN0153-C,ERZ1696022
AN0154-C,ERZ1696023
AN0155-C,ERZ1696024
AN0156-C,ERZ1696025
AN0157-Cx,ERZ1696026
AN0158-C,ERZ1696027
AN0159-Cx,ERZ1696028
AN0160-Cx,ERZ1696029
AN0162-Cx,ERZ1696030
AN0163-C,ERZ1696031
AN0164-C,ERZ1696032
AN0165-C,ERZ1696033
AN0166-C,ERZ1696034
AN0167-C,ERZ1696035
AN0168-C,ERZ1696036
AN0169-C,ERZ1696037
AN0170-C,ERZ1696038
AN0171-C,ERZ1696039
AN0172-C,ERZ1696040
AN0173-C,ERZ1696041
AN0174-Cx,ERZ1696042
AN0175-C,ERZ1696043
AN0176-C,ERZ1696044
AN0177-C,ERZ1696045
AN0178-C,ERZ1696046
AN0179-C,ERZ1696047
AN0180-C,ERZ1696048
AN0181-C,ERZ1696049
AN0182-C,ERZ1696050
AN0183-C,ERZ1696051
AN0184-C,ERZ1696052
AN0185-C,ERZ1696053
AN0186-Cx,ERZ1696054
AN0187-C,ERZ1696055
AN0188-C,ERZ1696056
AN0189-C,ERZ1696057
AN0190-C,ERZ1696058
AN0191-C,ERZ1696059
AN0192-C,ERZ1696060
AN0193-Cx,ERZ1696061
AN0194-C,ERZ1696062
AN0195-Cx,ERZ1696063
AN0196-C,ERZ1696064
AN0197-Cx,ERZ1696065
AN0198-C,ERZ1696066
AN0199-C,ERZ1696067
AN0200-C,ERZ1696068
AN0201-Cx,ERZ1696069
AN0202-Cx,ERZ1696070
AN0203-Cx,ERZ1696071
AN0204-C,ERZ1696072
AN0205-C,ERZ1696073
AN0206-C,ERZ1696074
AN0207-C,ERZ1696075
AN0208-C,ERZ1696076
AN0209-C,ERZ1696077
AN0210-Cx,ERZ1696078
AN0212-C,ERZ1696079
AN0213-C,ERZ1696080
AN0214-C,ERZ1696081
AN0215-C,ERZ1696082
AN0217-C,ERZ1696083
AN0218-C,ERZ1696084
AN0219-C,ERZ1696085
AN0220-C,ERZ1696086
AN0221-C,ERZ1696087
AN0222-Cx,ERZ1696088
AN0223-C,ERZ1696089
AN0224-Cx,ERZ1696090
AN0225-Cx,ERZ1696091
AN0226-Cx,ERZ1696092
AN0227-Cx,ERZ1696093
AN0228-C,ERZ1696094
AN0229-Cx,ERZ1696095
AN0230-Cx,ERZ1696096
AN0231-Cx,ERZ1696097
AN0232-C,ERZ1696098
AN0233-C,ERZ1696099
AN0234-C,ERZ1696100
AN0235-C,ERZ1696101
AN0236-Cx,ERZ1696102
AN0237-Cx,ERZ1696103
AN0238-C,ERZ1696104
AN0239-C,ERZ1696105
AN0240-C,ERZ1696106
AN0241-C,ERZ1696107
AN0242-C,ERZ1696108
AN0243-C,ERZ1696109
AN0244-C,ERZ1696110
AN0245-C,ERZ1696111
AN0246-C,ERZ1696112
AN0247-C,ERZ1696113
AN0248-C,ERZ1696114
AN0250-C,ERZ1696115
AN0251-C,ERZ1696116
AN0252-C,ERZ1696117
AN0253-C,ERZ1696118
AN0254-C,ERZ1696119
AN0255-C,ERZ1696120
AN0256-C,ERZ1696121
AN0258-C,ERZ1696122
AN0259-Cx,ERZ1696123
AN0260-C,ERZ1696124
AN0261-Cx,ERZ1696125
AN0262-C,ERZ1696126
AN0263-Cx,ERZ1696127
AN0264-C,ERZ1696128
AN0265-C,ERZ1696129
AN0266-C,ERZ1696130
AN0267-Cx,ERZ1696131
AN0268-C,ERZ1696132
AN0269-C,ERZ1696133
AN0270-C,ERZ1696134
AN0271-C,ERZ1696135
AN0272-C,ERZ1696136
AN0275-C,ERZ1696137
AN0276-C,ERZ1696138
AN0277-C,ERZ1696139
AN0278-C,ERZ1696140
AN0279-C,ERZ1696141
AN0280-C,ERZ1696142
AN0281-C,ERZ1696143
AN0282-Cx,ERZ1696144
AN0283-Cx,ERZ1696145
AN0284-Cx,ERZ1696146
AN0285-C,ERZ1696147
AN0286-Cx,ERZ1696148
AN0287-Cx,ERZ1696149
AN0288-Cx,ERZ1696150
AN0289-C,ERZ1696151
AN0290-Cx,ERZ1696152
AN0291-Cx,ERZ1696153
AN0292-C,ERZ1696154
AN0293-Cx,ERZ1696155
AN0294-C,ERZ1696156
AN0295-C,ERZ1696157
AN0296-Cx,ERZ1696158
AN0297-C,ERZ1696159
AN0298-Cx,ERZ1696160
AN0299-C,ERZ1696161
AN0300-C,ERZ1696162
AN0301-Cx,ERZ1696163
AN0302-C,ERZ1696164
AN0303-C,ERZ1696165
AN0304-C,ERZ1696166
AN0305-C,ERZ1696167
AN0306-C,ERZ1696168
AN0307-C,ERZ1696169
AN0308-C,ERZ1696170
AN0309-Cx,ERZ1696171
AN0310-C,ERZ1696172
AN0311-C,ERZ1696173
AN0312-C,ERZ1696174
AN0313-C,ERZ1696175
AN0314-C,ERZ1696176
AN0315-C,ERZ1696177
AN0316-C,ERZ1696178
AN0317-C,ERZ1696179
AN0318-C,ERZ1696180
AN0319-C,ERZ1696181
AN0320-C,ERZ1696182
AN0321-C,ERZ1696183
AB0293-C,ERZ1696184
AB0294-C,ERZ1696185
AB0295-C,ERZ1696186
AB0297-C,ERZ1696187
AN0418-C,ERZ1696188
AN0419-C,ERZ1696189
AN0421-C,ERZ1696190
AN0423-C,ERZ1696191
AN0424-C,ERZ1696192
AN0425-C,ERZ1696193
AN0426-C,ERZ1696194
AN0427-C,ERZ1696195
AN0428-C,ERZ1696196
AN0430-C,ERZ1696197
AN0431-C,ERZ1696198
AN0433-C,ERZ1696199
AN0434-C,ERZ1696200
AN0435-C,ERZ1696201
AN0436-C,ERZ1696202
AN0437-C,ERZ1696203
AN0438-C,ERZ1696204
AN0440-C,ERZ1696205
AN0442-C,ERZ1696206
AN0443-C,ERZ1696207
AN0444-C,ERZ1696208
AN0445-C,ERZ1696209
AN0448-C,ERZ1696210
AN0449-C,ERZ1696211
AN0451-C,ERZ1696212
AN0453-C,ERZ1696213
AN0454-C,ERZ1696214
AN0455-C,ERZ1696215
AN0457-C,ERZ1696216
AN0458-C,ERZ1696217
AN0460-C,ERZ1696218
AN0466-C,ERZ1696219
AN0468-C,ERZ1696220
AN0469-C,ERZ1696221
AN0470-C,ERZ1696222
AN0471-C,ERZ1696223
AN0474-C,ERZ1696224
AN0475-C,ERZ1696225
AN0476-C,ERZ1696226
AN0477-C,ERZ1696227
AN0478-C,ERZ1696228
AN0479-C,ERZ1696229
AN0480-C,ERZ1696230
AN0485-C,ERZ1696231
AN0486-C,ERZ1696232
AN0487-C,ERZ1696233
AN0488-C,ERZ1696234
AN0492-C,ERZ1696235
AN0493-C,ERZ1696236
VBS02003-4431STDY6672871,ERZ1696237
VBS02004-4431STDY6672872,ERZ1696238
VBS02005-4431STDY6672873,ERZ1696239
VBS02006-4431STDY6672874,ERZ1696240
VBS02007-4431STDY6672875,ERZ1696241
VBS02008-4431STDY6672876,ERZ1696242
VBS02009-4431STDY6672877,ERZ1696243
VBS02010-4431STDY6672878,ERZ1696244
VBS02011-4431STDY6672879,ERZ1696245
VBS02012-4431STDY6672880,ERZ1696246
VBS02014-4431STDY6672882,ERZ1696247
VBS02015-4431STDY6672883,ERZ1696248
VBS02016-4431STDY6672884,ERZ1696249
VBS02017-4431STDY6672885,ERZ1696250
VBS02018-4431STDY6672886,ERZ1696251
VBS02020-4431STDY6672888,ERZ1696252
VBS02021-4431STDY6672889,ERZ1696253
VBS02022-4431STDY6672890,ERZ1696254
VBS02023-4431STDY6672891,ERZ1696255
VBS02024-4431STDY6672892,ERZ1696256
VBS02025-4431STDY6672893,ERZ1696257
VBS02026-4431STDY6672894,ERZ1696258
VBS02027-4431STDY6672895,ERZ1696259
VBS02028-4431STDY6672896,ERZ1696260
VBS02029-4431STDY6672897,ERZ1696261
VBS02030-4431STDY6672898,ERZ1696262
VBS02031-4431STDY6672899,ERZ1696263
VBS02032-4431STDY6672900,ERZ1696264
VBS02033-4431STDY6672901,ERZ1696265
VBS02034-4431STDY6672902,ERZ1696266
VBS02035-4431STDY6672903,ERZ1696267
VBS02036-4431STDY6672904,ERZ1696268
VBS02037-4431STDY6672905,ERZ1696269
VBS02038-4431STDY6672906,ERZ1696270
VBS02039-4431STDY6672907,ERZ1696271
VBS02040-4431STDY6672908,ERZ1696272
VBS02041-4431STDY6672909,ERZ1696273
VBS02042-4431STDY6672910,ERZ1696274
VBS02043-4431STDY6672911,ERZ1696275
VBS02044-4431STDY6672912,ERZ1696276
VBS02045-4431STDY6672913,ERZ1696277
VBS02046-4431STDY6672914,ERZ1696278
VBS02047-4431STDY6672915,ERZ1696279
VBS02048-4431STDY6672916,ERZ1696280
AN0325-C,ERZ1696281
AN0326-C,ERZ1696282
AN0332-C,ERZ1696283
AN0338-C,ERZ1696284
AN0341-C,ERZ1696285
AN0344-C,ERZ1696286
AN0348-C,ERZ1696287
AN0379-C,ERZ1696288
AN0398-CW,ERZ1696289
AN0402-C,ERZ1696290
AN0405-CW,ERZ1696291
AN0408-C,ERZ1696292
AN0495-CW,ERZ1696293
AN0499-CW,ERZ1696294
AN0500-CW,ERZ1696295
AN0503-CW,ERZ1696296
AN0511-CW,ERZ1696297
AN0544-CW,ERZ1696298
AN0574-CW,ERZ1696299
AN0577-CW,ERZ1696300
AN0578-CW,ERZ1696301
AN0579-CW,ERZ1696302
AN0580-CW,ERZ1696303
AN0581-CW,ERZ1696304
AN0582-CW,ERZ1696305
AN0585-CW,ERZ1696306
AN0586-CW,ERZ1696307
AN0587-CW,ERZ1696308
AN0588-CW,ERZ1696309
AN0590-CW,ERZ1696310
AN0601-CW,ERZ1696311
AN0603-CW,ERZ1696312
AN0604-CW,ERZ1696313
AN0607-CW,ERZ1696314
AN0616-CW,ERZ1696315
AN0619-CW,ERZ1696316
AN0621-CW,ERZ1696317
AN0622-CW,ERZ1696318
AN0623-CW,ERZ1696319
AN0624-CW,ERZ1696320
AN0626-CW,ERZ1696321
AN0633-CW,ERZ1696322
AN0634-CW,ERZ1696323
AN0643-CW,ERZ1696324
AP0002-C,ERZ1696325
AP0005-C,ERZ1696326
AP0006-C,ERZ1696327
AP0007-C,ERZ1696328
AP0008-C,ERZ1696329
AP0009-C,ERZ1696330
AP0010-C,ERZ1696331
AP0011-C,ERZ1696332
AP0013-Cx,ERZ1696333
AP0014-Cx,ERZ1696334
AP0017-Cx,ERZ1696335
AP0019-C,ERZ1696336
AP0020-C,ERZ1696337
AP0021-C,ERZ1696338
AP0022-C,ERZ1696339
AP0023-C,ERZ1696340
AP0025-C,ERZ1696341
AP0030-C,ERZ1696342
AP0031-C,ERZ1696343
AP0032-C,ERZ1696344
AP0033-C,ERZ1696345
AP0034-C,ERZ1696346
AP0035-C,ERZ1696347
AS0001-C,ERZ1696348
AS0002-Cx,ERZ1696349
AS0003-C,ERZ1696350
AS0004-C,ERZ1696351
AS0005-C,ERZ1696352
AS0006-C,ERZ1696353
AS0007-C,ERZ1696354
AS0008-Cx,ERZ1696355
AS0009-C,ERZ1696356
AS0010-C,ERZ1696357
AS0011-C,ERZ1696358
AS0012-C,ERZ1696359
AS0013-C,ERZ1696360
AS0014-Cx,ERZ1696361
AS0015-Cx,ERZ1696362
AS0016-C,ERZ1696363
AS0017-C,ERZ1696364
AS0018-C,ERZ1696365
AS0019-Cx,ERZ1696366
AS0020-C,ERZ1696367
AS0021-C,ERZ1696368
AS0022-C,ERZ1696369
AS0023-Cx,ERZ1696370
AS0024-Cx,ERZ1696371
AS0026-C,ERZ1696372
AS0027-Cx,ERZ1696373
AS0028-C,ERZ1696374
AS0029-C,ERZ1696375
AS0030-C,ERZ1696376
AS0032-C,ERZ1696377
AS0033-C,ERZ1696378
AS0034-C,ERZ1696379
AS0035-Cx,ERZ1696380
AS0036-C,ERZ1696381
AS0037-C,ERZ1696382
AS0039-C,ERZ1696383
AS0040-C,ERZ1696384
AS0041-C,ERZ1696385
AS0042-C,ERZ1696386
AS0044-Cx,ERZ1696387
AS0045-Cx,ERZ1696388
AS0046-C,ERZ1696389
AS0047-C,ERZ1696390
AS0048-C,ERZ1696391
AS0049-C,ERZ1696392
AS0051-C,ERZ1696393
AS0052-C,ERZ1696394
AS0053-C,ERZ1696395
AS0054-C,ERZ1696396
AS0055-C,ERZ1696397
AS0056-C,ERZ1696398
AS0057-C,ERZ1696399
AS0058-Cx,ERZ1696400
AS0059-C,ERZ1696401
AS0060-C,ERZ1696402
AS0062-C,ERZ1696403
AS0064-C,ERZ1696404
AS0065-C,ERZ1696405
AS0066-C,ERZ1696406
AS0068-C,ERZ1696407
AS0069-C,ERZ1696408
AS0070-C,ERZ1696409
AS0071-C,ERZ1696410
AS0072-Cx,ERZ1696411
AS0073-C,ERZ1696412
AS0074-C,ERZ1696413
AS0076-C,ERZ1696414
AS0077-C,ERZ1696415
AS0078-C,ERZ1696416
AA0039-C,ERZ1696417
AA0040-C,ERZ1696418
AA0041-C,ERZ1696419
AA0042-C,ERZ1696420
AA0043-C,ERZ1696421
AA0044-C,ERZ1696422
AA0045-C,ERZ1696423
AA0046-C,ERZ1696424
AA0047-C,ERZ1696425
AA0048-C,ERZ1696426
AA0049-C,ERZ1696427
AA0050-C,ERZ1696428
AA0051-C,ERZ1696429
AA0052-C,ERZ1696430
AA0053-C,ERZ1696431
AA0054-C,ERZ1696432
AA0055-C,ERZ1696433
AA0056-C,ERZ1696434
AA0057-C,ERZ1696435
AA0058-C,ERZ1696436
AA0059-C,ERZ1696437
AA0060-C,ERZ1696438
AA0061-C,ERZ1696439
AA0062-C,ERZ1696440
AA0063-C,ERZ1696441
AA0064-C,ERZ1696442
AA0065-C,ERZ1696443
AA0066-C,ERZ1696444
AA0067-C,ERZ1696445
AA0068-C,ERZ1696446
AA0069-C,ERZ1696447
AA0070-C,ERZ1696448
AA0071-C,ERZ1696449
AA0072-C,ERZ1696450
AA0073-C,ERZ1696451
AA0074-C,ERZ1696452
AA0075-C,ERZ1696453
AA0076-C,ERZ1696454
AA0077-C,ERZ1696455
AA0079-C,ERZ1696456
AA0080-C,ERZ1696457
AA0081-C,ERZ1696458
AA0082-C,ERZ1696459
AA0084-C,ERZ1696460
AA0085-C,ERZ1696461
AA0086-C,ERZ1696462
AA0087-C,ERZ1696463
AA0088-C,ERZ1696464
AA0089-C,ERZ1696465
AA0090-C,ERZ1696466
AA0091-C,ERZ1696467
AA0092-C,ERZ1696468
AA0093-C,ERZ1696469
AA0094-C,ERZ1696470
AA0095-C,ERZ1696471
AA0096-C,ERZ1696472
AA0097-C,ERZ1696473
AA0098-C,ERZ1696474
AA0099-C,ERZ1696475
AA0100-C,ERZ1696476
AA0101-C,ERZ1696477
AA0102-C,ERZ1696478
AA0103-C,ERZ1696479
AA0104-C,ERZ1696480
AA0105-C,ERZ1696481
AA0106-C,ERZ1696482
AA0107-C,ERZ1696483
AA0108-C,ERZ1696484
AA0109-C,ERZ1696485
AA0110-C,ERZ1696486
AA0111-C,ERZ1696487
AA0112-C,ERZ1696488
AA0113-C,ERZ1696489
AA0114-C,ERZ1696490
AA0115-C,ERZ1696491
AA0116-C,ERZ1696492
AA0117-C,ERZ1696493
AA0118-C,ERZ1696494
AA0119-C,ERZ1696495
AA0120-C,ERZ1696496
AA0122-C,ERZ1696497
AA0123-C,ERZ1696498
AA0124-C,ERZ1696499
AA0125-C,ERZ1696500
AA0126-C,ERZ1696501
AA0127-C,ERZ1696502
AA0128-C,ERZ1696503
AA0129-C,ERZ1696504
AA0130-C,ERZ1696505
AA0131-C,ERZ1696506
AA0132-C,ERZ1696507
AA0133-C,ERZ1696508
AA0134-C,ERZ1696509
AA0135-C,ERZ1696510
AA0136-C,ERZ1696511
AA0137-C,ERZ1696512
AA0138-C,ERZ1696513
AA0139-C,ERZ1696514
AA0140-C,ERZ1696515
AA0141-C,ERZ1696516
AG0082-C,ERZ1696517
AG0085-C,ERZ1696518
AG0089-C,ERZ1696519
AG0096-C,ERZ1696520
AG0097-C,ERZ1696521
AG0098-C,ERZ1696522
AG0100-C,ERZ1696523
AG0102-C,ERZ1696524
AG0104-C,ERZ1696525
AG0106-C,ERZ1696526
AG0108-C,ERZ1696527
AG0109-C,ERZ1696528
AG0111-C,ERZ1696529
AG0118-C,ERZ1696530
AG0119-C,ERZ1696531
AG0120-C,ERZ1696532
AG0121-C,ERZ1696533
AG0123-C,ERZ1696534
AG0124-C,ERZ1696535
AG0125-C,ERZ1696536
AG0126-C,ERZ1696537
AG0127-C,ERZ1696538
AG0128-C,ERZ1696539
AG0129-C,ERZ1696540
AG0130-C,ERZ1696541
AG0133-C,ERZ1696542
AG0134-C,ERZ1696543
AG0135-C,ERZ1696544
AG0136-C,ERZ1696545
AG0137-C,ERZ1696546
AG0138-C,ERZ1696547
AG0139-C,ERZ1696548
AG0141-C,ERZ1696549
AG0142-C,ERZ1696550
AG0143-C,ERZ1696551
AG0144-C,ERZ1696552
AG0145-C,ERZ1696553
AG0146-C,ERZ1696554
AG0147-C,ERZ1696555
AG0148-C,ERZ1696556
AG0152-C,ERZ1696557
AG0153-C,ERZ1696558
AG0156-C,ERZ1696559
AG0159-C,ERZ1696560
AG0162-C,ERZ1696561
AG0163-C,ERZ1696562
AG0169-C,ERZ1696563
AG0170-C,ERZ1696564
AG0172-C,ERZ1696565
AG0178-C,ERZ1696566
AG0179-C,ERZ1696567
AG0181-C,ERZ1696568
AG0183-C,ERZ1696569
AG0195-C,ERZ1696570
AG0197-C,ERZ1696571
AG0200-C,ERZ1696572
AG0202-C,ERZ1696573
AG0203-C,ERZ1696574
AG0204-C,ERZ1696575
AG0206-C,ERZ1696576
AG0208-C,ERZ1696577
AG0209-C,ERZ1696578
AG0214-C,ERZ1696579
AG0221-C,ERZ1696580
AG0223-C,ERZ1696581
AG0225-C,ERZ1696582
AG0226-C,ERZ1696583
AG0227-C,ERZ1696584
AG0229-C,ERZ1696585
AG0230-C,ERZ1696586
AG0231-C,ERZ1696587
AG0232-C,ERZ1696588
AG0234-C,ERZ1696589
AG0263-C,ERZ1696590
AG0382-CW,ERZ1696591
AG0383-CW,ERZ1696592
AG0386-CW,ERZ1696593
AG0390-CW,ERZ1696594
AG0394-CW,ERZ1696595
AG0395-CW,ERZ1696596
AG0396-CW,ERZ1696597
AG0403-CW,ERZ1696598
AG0404-CW,ERZ1696599
AG0405-CW,ERZ1696600
AG0406-CW,ERZ1696601
AG0410-CW,ERZ1696602
AG0411-CW,ERZ1696603
AG0412-CW,ERZ1696604
AG0415-CW,ERZ1696605
AG0416-CW,ERZ1696606
AG0418-CW,ERZ1696607
AG0420-CW,ERZ1696608
AG0422-CW,ERZ1696609
AG0423-CW,ERZ1696610
AG0442-CW,ERZ1696611
AG0443-CW,ERZ1696612
AG0445-CW,ERZ1696613
AG0446-CW,ERZ1696614
AG0448-CW,ERZ1696615
AG0450-CW,ERZ1696616
AG0451-CW,ERZ1696617
AG0454-CW,ERZ1696618
AG0455-CW,ERZ1696619
AG0456-CW,ERZ1696620
AG0460-CW,ERZ1696621
AG0001-C,ERZ1696622
AG0002-C,ERZ1696623
AG0003-C,ERZ1696624
AG0004-C,ERZ1696625
AG0005-C,ERZ1696626
AG0006-C,ERZ1696627
AG0007-C,ERZ1696628
AG0009-C,ERZ1696629
AG0010-C,ERZ1696630
AG0011-C,ERZ1696631
AG0012-C,ERZ1696632
AG0013-C,ERZ1696633
AG0014-C,ERZ1696634
AG0015-C,ERZ1696635
AG0016-C,ERZ1696636
AG0018-C,ERZ1696637
AG0019-C,ERZ1696638
AG0020-C,ERZ1696639
AG0021-C,ERZ1696640
AG0022-C,ERZ1696641
AG0023-C,ERZ1696642
AG0024-C,ERZ1696643
AG0025-C,ERZ1696644
AG0027-C,ERZ1696645
AG0028-C,ERZ1696646
AG0029-C,ERZ1696647
AG0031-C,ERZ1696648
AG0032-C,ERZ1696649
AG0033-C,ERZ1696650
AG0035-C,ERZ1696651
AG0037-C,ERZ1696652
AG0038-C,ERZ1696653
AG0039-C,ERZ1696654
AG0040-C,ERZ1696655
AG0041-C,ERZ1696656
AG0042-C,ERZ1696657
AG0043-C,ERZ1696658
AG0044-C,ERZ1696659
AG0045-C,ERZ1696660
AG0047-C,ERZ1696661
AG0048-C,ERZ1696662
AG0049-C,ERZ1696663
AG0050-C,ERZ1696664
AG0051-C,ERZ1696665
AG0052-C,ERZ1696666
AG0053-C,ERZ1696667
AG0054-C,ERZ1696668
AG0055-C,ERZ1696669
AG0056-C,ERZ1696670
AG0058-C,ERZ1696671
AG0059-C,ERZ1696672
AG0060-C,ERZ1696673
AG0061-C,ERZ1696674
AG0062-C,ERZ1696675
AG0063-C,ERZ1696676
AG0064-C,ERZ1696677
AG0065-C,ERZ1696678
AG0066-C,ERZ1696679
AG0067-C,ERZ1696680
AG0068-C,ERZ1696681
AG0069-C,ERZ1696682
AG0071-C,ERZ1696683
AG0072-C,ERZ1696684
AG0074-C,ERZ1696685
AG0075-C,ERZ1696686
AG0076-C,ERZ1696687
AG0077-C,ERZ1696688
AG0270-C,ERZ1696689
AG0271-C,ERZ1696690
AG0272-C,ERZ1696691
AG0273-C,ERZ1696692
AG0274-C,ERZ1696693
AG0275-C,ERZ1696694
AG0276-C,ERZ1696695
AG0277-C,ERZ1696696
AG0278-C,ERZ1696697
AG0279-C,ERZ1696698
AG0281-C,ERZ1696699
AG0282-C,ERZ1696700
AG0283-C,ERZ1696701
AG0284-C,ERZ1696702
AG0285-C,ERZ1696703
AG0286-C,ERZ1696704
AG0287-C,ERZ1696705
AG0288-C,ERZ1696706
AG0289-C,ERZ1696707
AG0290-C,ERZ1696708
AG0291-C,ERZ1696709
AG0292-C,ERZ1696710
AG0293-C,ERZ1696711
AG0294-C,ERZ1696712
AG0295-C,ERZ1696713
AG0296-C,ERZ1696714
AG0297-C,ERZ1696715
AG0298-C,ERZ1696716
AG0299-C,ERZ1696717
AG0300-C,ERZ1696718
AG0301-C,ERZ1696719
AG0302-C,ERZ1696720
AG0303-C,ERZ1696721
AG0304-C,ERZ1696722
AG0305-C,ERZ1696723
AG0306-C,ERZ1696724
AG0307-C,ERZ1696725
AG0308-C,ERZ1696726
AG0309-C,ERZ1696727
AG0310-C,ERZ1696728
AG0311-C,ERZ1696729
AG0312-C,ERZ1696730
AG0313-C,ERZ1696731
AG0314-C,ERZ1696732
AG0315-C,ERZ1696733
AG0316-C,ERZ1696734
AG0317-C,ERZ1696735
AG0318-C,ERZ1696736
AG0319-C,ERZ1696737
AG0320-C,ERZ1696738
AG0321-C,ERZ1696739
AG0322-C,ERZ1696740
AG0323-C,ERZ1696741
AG0324-C,ERZ1696742
AG0325-C,ERZ1696743
AG0326-C,ERZ1696744
AG0327-C,ERZ1696745
AG0328-C,ERZ1696746
AG0329-C,ERZ1696747
AG0330-C,ERZ1696748
AG0331-C,ERZ1696749
AG0332-C,ERZ1696750
AG0333-C,ERZ1696751
AG0334-C,ERZ1696752
AG0335-C,ERZ1696753
AG0336-C,ERZ1696754
AG0337-C,ERZ1696755
AG0338-C,ERZ1696756
AG0339-C,ERZ1696757
AG0340-C,ERZ1696758
AG0341-C,ERZ1696759
AG0342-C,ERZ1696760
AG0343-C,ERZ1696761
AG0344-C,ERZ1696762
AG0345-C,ERZ1696763
AG0346-C,ERZ1696764
AG0347-C,ERZ1696765
AG0348-C,ERZ1696766
AG0349-C,ERZ1696767
AG0350-C,ERZ1696768
AG0351-C,ERZ1696769
AG0352-C,ERZ1696770
AG0353-C,ERZ1696771
AG0354-C,ERZ1696772
AG0355-C,ERZ1696773
AG0356-C,ERZ1696774
AG0357-C,ERZ1696775
AG0358-C,ERZ1696776
AG0359-C,ERZ1696777
AG0360-C,ERZ1696778
AG0361-C,ERZ1696779
AG0362-C,ERZ1696780
AG0363-C,ERZ1696781
AG0364-C,ERZ1696782
AG0365-C,ERZ1696783
AG0366-C,ERZ1696784
AG0367-C,ERZ1696785
AG0368-C,ERZ1696786
AG0369-C,ERZ1696787
AG0370-C,ERZ1696788
AG0371-C,ERZ1696789
AG0372-C,ERZ1696790
AG0373-C,ERZ1696791
AG0374-C,ERZ1696792
AG0375-C,ERZ1696793
AG0376-C,ERZ1696794
AG0377-C,ERZ1696795
AV0001-C,ERZ1696796
AV0002-C,ERZ1696797
AV0003-Cx,ERZ1696798
AV0004-Cx,ERZ1696799
AV0005-C,ERZ1696800
AV0006-C,ERZ1696801
AV0007-C,ERZ1696802
AV0008-C,ERZ1696803
AV0009-C,ERZ1696804
AV0010-C,ERZ1696805
AV0011-C,ERZ1696806
AV0012-C,ERZ1696807
AV0013-C,ERZ1696808
AV0014-C,ERZ1696809
AV0015-C,ERZ1696810
AV0017-C,ERZ1696811
AV0018-C,ERZ1696812
AV0020-C,ERZ1696813
AV0021-C,ERZ1696814
AV0022-C,ERZ1696815
AV0023-C,ERZ1696816
AV0024-C,ERZ1696817
AV0025-C,ERZ1696818
AV0026-C,ERZ1696819
AV0027-C,ERZ1696820
AV0028-C,ERZ1696821
AV0029-Cx,ERZ1696822
AV0030-Cx,ERZ1696823
AV0031-C,ERZ1696824
AV0032-C,ERZ1696825
AV0033-C,ERZ1696826
AV0034-Cx,ERZ1696827
AV0035-C,ERZ1696828
AV0036-C,ERZ1696829
AV0037-C,ERZ1696830
AV0038-C,ERZ1696831
AV0039-C,ERZ1696832
AV0040-C,ERZ1696833
AV0041-C,ERZ1696834
AV0042-Cx,ERZ1696835
AV0043-C,ERZ1696836
AV0044-Cx,ERZ1696837
AV0045-C,ERZ1696838
AV0046-Cx,ERZ1696839
AV0047-C,ERZ1696840
AV0055-C,ERZ1696841
AV0058-C,ERZ1696842
AV0059-C,ERZ1696843
AV0061-C,ERZ1696844
AV0067-C,ERZ1696845
AV0068-C,ERZ1696846
AV0069-CW,ERZ1696847
AV0070-C,ERZ1696848
AV0074-C,ERZ1696849
AV0078-C,ERZ1696850
AV0080-C,ERZ1696851
AV0082-C,ERZ1696852
AV0083-C,ERZ1696853
AV0086-C,ERZ1696854
AV0091-C,ERZ1696855
AV0092-C,ERZ1696856
AV0094-C,ERZ1696857
AV0095-C,ERZ1696858
AV0098-C,ERZ1696859
AV0104-C,ERZ1696860
AV0106-C,ERZ1696861
AV0107-C,ERZ1696862
AV0109-C,ERZ1696863
AV0113-C,ERZ1696864
AV0115-C,ERZ1696865
AV0116-C,ERZ1696866
AV0119-C,ERZ1696867
AV0126-CW,ERZ1696868
AV0128-C,ERZ1696869
AV0129-C,ERZ1696870
AV0130-C,ERZ1696871
AV0131-C,ERZ1696872
AV0132-C,ERZ1696873
AV0134-C,ERZ1696874
AV0137-C,ERZ1696875
AV0140-C,ERZ1696876
AV0141-C,ERZ1696877
AV0142-C,ERZ1696878
AV0143-C,ERZ1696879
AV0149-C,ERZ1696880
AV0150-C,ERZ1696881
AV0152-C,ERZ1696882
AV0154-C,ERZ1696883
AV0160-C,ERZ1696884
AV0161-C,ERZ1696885
AV0162-C,ERZ1696886
AV0164-C,ERZ1696887
AV0165-C,ERZ1696888
AV0170-C,ERZ1696889
AV0171-C,ERZ1696890
AV0173-C,ERZ1696891
AV0174-C,ERZ1696892
AV0176-C,ERZ1696893
AV0177-C,ERZ1696894
AV0179-C,ERZ1696895
AV0180-C,ERZ1696896
AV0185-C,ERZ1696897
AV0186-C,ERZ1696898
AV0188-C,ERZ1696899
AV0189-C,ERZ1696900
AV0191-C,ERZ1696901
AV0192-C,ERZ1696902
AV0194-C,ERZ1696903
AV0195-C,ERZ1696904
AV0196-C,ERZ1696905
AV0198-C,ERZ1696906
AV0199-C,ERZ1696907
AV0200-C,ERZ1696908
AV0201-C,ERZ1696909
AV0206-C,ERZ1696910
AV0207-C,ERZ1696911
AV0208-C,ERZ1696912
AV0209-CW,ERZ1696913
AV0210-C,ERZ1696914
AV0211-C,ERZ1696915
AV0213-C,ERZ1696916
AV0218-C,ERZ1696917
AV0219-C,ERZ1696918
AV0220-C,ERZ1696919
AV0222-C,ERZ1696920
AV0223-C,ERZ1696921
AV0225-C,ERZ1696922
AV0226-C,ERZ1696923
AV0231-C,ERZ1696924
AV0232-C,ERZ1696925
AV0234-C,ERZ1696926
AV0235-CW,ERZ1696927
AV0236-C,ERZ1696928
AV0237-C,ERZ1696929
AV0241-C,ERZ1696930
AV0243-C,ERZ1696931
AV0245-C,ERZ1696932
AV0248-C,ERZ1696933
AV0249-C,ERZ1696934
AV0253-C,ERZ1696935
AV0254-C,ERZ1696936
AV0255-C,ERZ1696937
AV0262-C,ERZ1696938
AV0263-C,ERZ1696939
AV0265-C,ERZ1696940
AV0268-C,ERZ1696941
AV0275-C,ERZ1696942
AV0277-C,ERZ1696943
AV0278-C,ERZ1696944
AV0280-C,ERZ1696945
AV0285-C,ERZ1696946
AV0287-C,ERZ1696947
AV0292-C,ERZ1696948
AV0293-C,ERZ1696949
AV0297-C,ERZ1696950
AV0303-C,ERZ1696951
AV0304-C,ERZ1696952
AV0305-C,ERZ1696953
AV0308-C,ERZ1696954
AV0314-C,ERZ1696955
AV0320-C,ERZ1696956
AV0323-C,ERZ1696957
AV0325-C,ERZ1696958
AV0330-C,ERZ1696959
AV0331-C,ERZ1696960
AV0332-C,ERZ1696961
AV0333-C,ERZ1696962
AV0334-C,ERZ1696963
AV0335-C,ERZ1696964
AV0336-C,ERZ1696965
AV0337-C,ERZ1696966
AV0338-C,ERZ1696967
AV0340-C,ERZ1696968
AV0341-C,ERZ1696969
AV0342-C,ERZ1696970
AV0344-C,ERZ1696971
AV0346-C,ERZ1696972
AV0347-C,ERZ1696973
AV0349-C,ERZ1696974
AV0350-C,ERZ1696975
AV0351-C,ERZ1696976
AV0352-C,ERZ1696977
AV0353-C,ERZ1696978
AV0354-C,ERZ1696979
AV0356-C,ERZ1696980
AV0358-C,ERZ1696981
AV0359-C,ERZ1696982
AV0360-C,ERZ1696983
AV0361-C,ERZ1696984
AV0362-C,ERZ1696985
AV0363-C,ERZ1696986
AV0364-C,ERZ1696987
AV0366-C,ERZ1696988
AV0367-C,ERZ1696989
AV0368-C,ERZ1696990
AV0371-C,ERZ1696991
AV0372-C,ERZ1696992
AV0373-C,ERZ1696993
AV0375-C,ERZ1696994
AV0376-C,ERZ1696995
AV0377-C,ERZ1696996
AV0378-C,ERZ1696997
AV0380-C,ERZ1696998
AV0381-C,ERZ1696999
AV0382-C,ERZ1697000
AV0383-C,ERZ1697001
AV0384-C,ERZ1697002
AV0386-C,ERZ1697003
AV0387-C,ERZ1697004
AV0389-C,ERZ1697005
AV0390-C,ERZ1697006
AV0391-C,ERZ1697007
AV0392-C,ERZ1697008
AV0393-C,ERZ1697009
AV0394-C,ERZ1697010
AV0396-C,ERZ1697011
AV0400-C,ERZ1697012
AV0401-C,ERZ1697013
AV0402-C,ERZ1697014
AV0403-C,ERZ1697015
AV0404-C,ERZ1697016
AV0405-C,ERZ1697017
AV0406-C,ERZ1697018
AV0407-C,ERZ1697019
AV0408-C,ERZ1697020
AV0409-C,ERZ1697021
AV0410-C,ERZ1697022
AV0412-C,ERZ1697023
AV0414-C,ERZ1697024
AV0415-C,ERZ1697025
AQ0001-C,ERZ1697026
AQ0002-C,ERZ1697027
AQ0004-C,ERZ1697028
AQ0005-C,ERZ1697029
AQ0009-C,ERZ1697030
AQ0011-C,ERZ1697031
AQ0012-C,ERZ1697032
AQ0013-C,ERZ1697033
AQ0014-C,ERZ1697034
AQ0015-C,ERZ1697035
AJ0023-C,ERZ1697036
AJ0024-C,ERZ1697037
AJ0028-C,ERZ1697038
AJ0032-C,ERZ1697039
AJ0035-C,ERZ1697040
AJ0036-C,ERZ1697041
AJ0037-C,ERZ1697042
AJ0038-C,ERZ1697043
AJ0039-C,ERZ1697044
AJ0043-C,ERZ1697045
AJ0044-C,ERZ1697046
AJ0045-C,ERZ1697047
AJ0047-C,ERZ1697048
AJ0049-C,ERZ1697049
AJ0051-C,ERZ1697050
AJ0052-C,ERZ1697051
AJ0056-C,ERZ1697052
AJ0059-C,ERZ1697053
AJ0060-C,ERZ1697054
AJ0061-C,ERZ1697055
AJ0063-C,ERZ1697056
AJ0064-C,ERZ1697057
AJ0066-C,ERZ1697058
AJ0068-C,ERZ1697059
AJ0070-Cx,ERZ1697060
AJ0071-C,ERZ1697061
AJ0072-C,ERZ1697062
AJ0074-C,ERZ1697063
AJ0075-C,ERZ1697064
AJ0076-C,ERZ1697065
AJ0077-C,ERZ1697066
AJ0078-C,ERZ1697067
AJ0079-C,ERZ1697068
AJ0080-C,ERZ1697069
AJ0081-C,ERZ1697070
AJ0084-C,ERZ1697071
AJ0085-C,ERZ1697072
AJ0086-C,ERZ1697073
AJ0087-C,ERZ1697074
AJ0088-C,ERZ1697075
AJ0090-C,ERZ1697076
AJ0092-C,ERZ1697077
AJ0093-C,ERZ1697078
AJ0095-C,ERZ1697079
AJ0096-C,ERZ1697080
AJ0097-C,ERZ1697081
AJ0098-C,ERZ1697082
AJ0099-C,ERZ1697083
AJ0100-C,ERZ1697084
AJ0101-Cx,ERZ1697085
AJ0102-C,ERZ1697086
AJ0103-C,ERZ1697087
AJ0105-C,ERZ1697088
AJ0107-C,ERZ1697089
AJ0109-C,ERZ1697090
AJ0113-C,ERZ1697091
AJ0115-C,ERZ1697092
AJ0116-C,ERZ1697093
AJ0117-C,ERZ1697094
AJ0119-C,ERZ1697095
AJ0120-C,ERZ1697096
AJ0121-C,ERZ1697097
AJ0122-C,ERZ1697098
AJ0123-C,ERZ1697099
AJ0124-C,ERZ1697100
AJ0125-C,ERZ1697101
AJ0126-C,ERZ1697102
AJ0127-C,ERZ1697103
AJ0128-C,ERZ1697104
AJ0129-C,ERZ1697105
AJ0130-C,ERZ1697106
AJ0131-C,ERZ1697107
AJ0132-C,ERZ1697108
AJ0133-C,ERZ1697109
AJ0134-C,ERZ1697110
AJ0135-C,ERZ1697111
AJ0136-C,ERZ1697112
AJ0137-C,ERZ1697113
AJ0138-C,ERZ1697114
AJ0139-C,ERZ1697115
AJ0140-C,ERZ1697116
AJ0141-C,ERZ1697117
AJ0142-C,ERZ1697118
AJ0143-C,ERZ1697119
AJ0144-C,ERZ1697120
AJ0145-C,ERZ1697121
AJ0146-C,ERZ1697122
AJ0147-C,ERZ1697123
AJ0148-C,ERZ1697124
AJ0149-C,ERZ1697125
AJ0150-C,ERZ1697126
AJ0151-C,ERZ1697127
AJ0152-C,ERZ1697128
AJ0153-C,ERZ1697129
AJ0154-C,ERZ1697130
AJ0155-C,ERZ1697131
AJ0156-C,ERZ1697132
AJ0157-C,ERZ1697133
AJ0158-C,ERZ1697134
AJ0159-C,ERZ1697135
AJ0161-C,ERZ1697136
AK0041-C,ERZ1697137
AK0042-C,ERZ1697138
AK0043-C,ERZ1697139
AK0044-C,ERZ1697140
AK0045-Cx,ERZ1697141
AK0046-C,ERZ1697142
AK0047-C,ERZ1697143
AK0049-C,ERZ1697144
AK0050-C,ERZ1697145
AK0051-C,ERZ1697146
AK0052-C,ERZ1697147
AK0054-C,ERZ1697148
AK0055-C,ERZ1697149
AK0056-C,ERZ1697150
AK0057-Cx,ERZ1697151
AK0060-C,ERZ1697152
AK0062-C,ERZ1697153
AK0063-C,ERZ1697154
AK0065-C,ERZ1697155
AK0066-Cx,ERZ1697156
AK0067-C,ERZ1697157
AK0068-C,ERZ1697158
AK0069-C,ERZ1697159
AK0070-C,ERZ1697160
AK0071-C,ERZ1697161
AK0072-C,ERZ1697162
AK0073-C,ERZ1697163
AK0075-Cx,ERZ1697164
AK0076-C,ERZ1697165
AK0077-C,ERZ1697166
AK0078-C,ERZ1697167
AK0079-C,ERZ1697168
AK0081-C,ERZ1697169
AK0082-C,ERZ1697170
AK0083-C,ERZ1697171
AK0085-C,ERZ1697172
AK0086-C,ERZ1697173
AK0087-C,ERZ1697174
AK0088-C,ERZ1697175
AK0089-C,ERZ1697176
AK0090-Cx,ERZ1697177
AK0091-C,ERZ1697178
AK0092-Cx,ERZ1697179
AK0093-C,ERZ1697180
AK0094-C,ERZ1697181
AK0095-C,ERZ1697182
AK0096-C,ERZ1697183
AK0098-C,ERZ1697184
AK0099-C,ERZ1697185
AK0100-Cx,ERZ1697186
AK0101-C,ERZ1697187
AK0102-C,ERZ1697188
AK0103-Cx,ERZ1697189
AK0104-C,ERZ1697190
AK0105-C,ERZ1697191
AK0106-C,ERZ1697192
AK0107-C,ERZ1697193
AK0108-C,ERZ1697194
AK0109-Cx,ERZ1697195
AK0110-C,ERZ1697196
AK0116-C,ERZ1697197
AK0117-C,ERZ1697198
AK0119-C,ERZ1697199
AK0127-C,ERZ1697200
AK0177-C,ERZ1697201
AK0203-C,ERZ1697202
AK0207-C,ERZ1697203
AK0211-C,ERZ1697204
AK0212-C,ERZ1697205
AK0213-C,ERZ1697206
AK0214-C,ERZ1697207
AK0215-C,ERZ1697208
AK0226-C,ERZ1697209
AK0235-C,ERZ1697210
AK0236-C,ERZ1697211
AK0237-C,ERZ1697212
AK0238-C,ERZ1697213
AK0239-C,ERZ1697214
AK0274-C,ERZ1697215
AK0278-C,ERZ1697216
AK0279-C,ERZ1697217
AK0280-C,ERZ1697218
AK0281-C,ERZ1697219
AK0284-C,ERZ1697220
AK0298-C,ERZ1697221
AK0299-C,ERZ1697222
AZ0284-C,ERZ1697223
AZ0287-C,ERZ1697224
AZ0289-C,ERZ1697225
AZ0290-C,ERZ1697226
AZ0291-C,ERZ1697227
AZ0292-C,ERZ1697228
AZ0293-C,ERZ1697229
AZ0294-C,ERZ1697230
AZ0295-C,ERZ1697231
AZ0296-C,ERZ1697232
AZ0297-C,ERZ1697233
AZ0298-C,ERZ1697234
AZ0300-C,ERZ1697235
AZ0301-C,ERZ1697236
AZ0302-C,ERZ1697237
AZ0304-C,ERZ1697238
AZ0305-C,ERZ1697239
AZ0306-C,ERZ1697240
AZ0307-C,ERZ1697241
AZ0308-C,ERZ1697242
AZ0309-C,ERZ1697243
AZ0310-C,ERZ1697244
AZ0311-C,ERZ1697245
AZ0312-C,ERZ1697246
AZ0313-C,ERZ1697247
AZ0314-C,ERZ1697248
AZ0316-C,ERZ1697249
AZ0317-C,ERZ1697250
AZ0318-C,ERZ1697251
AZ0319-C,ERZ1697252
AZ0320-C,ERZ1697253
AZ0321-C,ERZ1697254
AZ0322-C,ERZ1697255
AZ0323-C,ERZ1697256
AZ0325-C,ERZ1697257
AZ0326-C,ERZ1697258
AZ0328-C,ERZ1697259
AZ0329-C,ERZ1697260
AZ0330-C,ERZ1697261
AZ0331-C,ERZ1697262
AZ0332-C,ERZ1697263
AZ0333-C,ERZ1697264
AZ0334-C,ERZ1697265
AZ0336-C,ERZ1697266
AZ0337-C,ERZ1697267
AZ0338-C,ERZ1697268
AZ0339-C,ERZ1697269
AZ0340-C,ERZ1697270
AZ0341-C,ERZ1697271
AZ0342-C,ERZ1697272
AZ0343-C,ERZ1697273
AZ0344-C,ERZ1697274
AZ0350-C,ERZ1697275
AZ0416-CW,ERZ1697276
AZ0425-CW,ERZ1697277
AZ0433-CW,ERZ1697278
AZ0434-CW,ERZ1697279
AZ0444-CW,ERZ1697280
AZ0459-CW,ERZ1697281
AZ0484-CW,ERZ1697282
AZ0253-C,ERZ1697283
AZ0254-C,ERZ1697284
AZ0255-C,ERZ1697285
AZ0256-C,ERZ1697286
AZ0258-C,ERZ1697287
AZ0259-C,ERZ1697288
AZ0260-C,ERZ1697289
AZ0261-C,ERZ1697290
AZ0263-C,ERZ1697291
AZ0267-C,ERZ1697292
AZ0268-C,ERZ1697293
AZ0269-C,ERZ1697294
AZ0270-C,ERZ1697295
AZ0271-C,ERZ1697296
AZ0272-C,ERZ1697297
AZ0273-C,ERZ1697298
AZ0274-C,ERZ1697299
AZ0275-C,ERZ1697300
AZ0276-C,ERZ1697301
AZ0277-C,ERZ1697302
AZ0278-C,ERZ1697303
AZ0279-C,ERZ1697304
AZ0280-C,ERZ1697305
AZ0281-C,ERZ1697306
AZ0282-C,ERZ1697307
AZ0283-C,ERZ1697308
VBS02049-4431STDY6672917,ERZ1697309
VBS02050-4431STDY6672918,ERZ1697310
VBS02051-4431STDY6672919,ERZ1697311
VBS02052-4431STDY6672920,ERZ1697312
VBS02054-4431STDY6672922,ERZ1697313
VBS02055-4431STDY6672923,ERZ1697314
VBS02056-4431STDY6672924,ERZ1697315
VBS02057-4431STDY6672925,ERZ1697316
VBS02058-4431STDY6672926,ERZ1697317
VBS02059-4431STDY6672927,ERZ1697318
VBS02060-4431STDY6672928,ERZ1697319
VBS02061-4431STDY6672929,ERZ1697320
VBS02062-4431STDY6672930,ERZ1697321
VBS02063-4431STDY6672931,ERZ1697322
VBS02064-4431STDY6672932,ERZ1697323
VBS02065-4431STDY6672933,ERZ1697324
VBS02066-4431STDY6672934,ERZ1697325
VBS02067-4431STDY6672935,ERZ1697326
VBS02068-4431STDY6672936,ERZ1697327
VBS02069-4431STDY6672937,ERZ1697328
VBS02070-4431STDY6672938,ERZ1697329
VBS02071-4431STDY6672939,ERZ1697330
VBS02072-4431STDY6672940,ERZ1697331
VBS02073-4431STDY6672941,ERZ1697332
VBS02077-4431STDY6772805,ERZ1697333
VBS02083-4431STDY6772806,ERZ1697334
VBS02088-4431STDY6772808,ERZ1697335
VBS02090-4431STDY6772809,ERZ1697336
VBS02093-4431STDY6772811,ERZ1697337
VBS02094-4431STDY6772812,ERZ1697338
VBS02095-4431STDY6772813,ERZ1697339
VBS02097-4431STDY6772815,ERZ1697340
VBS02101-4431STDY6772818,ERZ1697341
VBS02103-4431STDY6772819,ERZ1697342
VBS02104-4431STDY6772820,ERZ1697343
VBS02106-4431STDY6772821,ERZ1697344
VBS02107-4431STDY6772822,ERZ1697345
VBS02109-4431STDY6772823,ERZ1697346
VBS02110-4431STDY6772824,ERZ1697347
VBS02112-4431STDY6772826,ERZ1697348
VBS02119-4431STDY6772831,ERZ1697349
VBS02121-4431STDY6772832,ERZ1697350
VBS02127-4431STDY6772833,ERZ1697351
VBS02129-4431STDY6772835,ERZ1697352
VBS02130-4431STDY6772836,ERZ1697353
AZ0152-C,ERZ1697354
AZ0153-C,ERZ1697355
AZ0155-C,ERZ1697356
AZ0156-C,ERZ1697357
AZ0157-C,ERZ1697358
AZ0158-C,ERZ1697359
AZ0159-C,ERZ1697360
AZ0160-C,ERZ1697361
AZ0161-C,ERZ1697362
AZ0164-C,ERZ1697363
AZ0165-C,ERZ1697364
AZ0166-C,ERZ1697365
AZ0167-C,ERZ1697366
AZ0168-C,ERZ1697367
AZ0170-C,ERZ1697368
AZ0172-C,ERZ1697369
AZ0174-C,ERZ1697370
AZ0175-C,ERZ1697371
AZ0176-C,ERZ1697372
AZ0179-C,ERZ1697373
AZ0180-C,ERZ1697374
AZ0181-C,ERZ1697375
AZ0182-C,ERZ1697376
AZ0183-C,ERZ1697377
AZ0184-C,ERZ1697378
AZ0185-C,ERZ1697379
AZ0186-C,ERZ1697380
AZ0187-C,ERZ1697381
AZ0188-C,ERZ1697382
AZ0191-C,ERZ1697383
AZ0192-C,ERZ1697384
AZ0199-C,ERZ1697385
AZ0200-C,ERZ1697386
AZ0201-C,ERZ1697387
AZ0202-C,ERZ1697388
AZ0223-C,ERZ1697389
AZ0226-C,ERZ1697390
AZ0242-C,ERZ1697391
AZ0246-C,ERZ1697392
AZ0247-C,ERZ1697393
AZ0251-C,ERZ1697394
BQ0046-C,ERZ1697395
BQ0047-C,ERZ1697396
BQ0049-C,ERZ1697397
BQ0050-C,ERZ1697398
BQ0051-C,ERZ1697399
BQ0052-C,ERZ1697400
BQ0053-C,ERZ1697401
BQ0054-C,ERZ1697402
BQ0055-C,ERZ1697403
BQ0056-C,ERZ1697404
BQ0057-C,ERZ1697405
BQ0058-C,ERZ1697406
BQ0059-C,ERZ1697407
BQ0060-C,ERZ1697408
BQ0062-C,ERZ1697409
BQ0064-C,ERZ1697410
BQ0065-C,ERZ1697411
BQ0066-C,ERZ1697412
BQ0067-C,ERZ1697413
BQ0068-C,ERZ1697414
BQ0069-C,ERZ1697415
BQ0070-C,ERZ1697416
BQ0071-C,ERZ1697417
BQ0072-C,ERZ1697418
BQ0073-C,ERZ1697419
BQ0074-C,ERZ1697420
BQ0075-C,ERZ1697421
BQ0076-C,ERZ1697422
BQ0077-C,ERZ1697423
BQ0078-C,ERZ1697424
BQ0079-C,ERZ1697425
BQ0080-C,ERZ1697426
BQ0081-C,ERZ1697427
BQ0082-C,ERZ1697428
BQ0083-C,ERZ1697429
BQ0084-C,ERZ1697430
BQ0085-C,ERZ1697431
BQ0086-C,ERZ1697432
BQ0087-C,ERZ1697433
BQ0088-C,ERZ1697434
BQ0089-C,ERZ1697435
BQ0090-C,ERZ1697436
BQ0091-C,ERZ1697437
BQ0092-C,ERZ1697438
BQ0093-C,ERZ1697439
BQ0094-C,ERZ1697440
BQ0095-C,ERZ1697441
BQ0096-C,ERZ1697442
BQ0097-C,ERZ1697443
BQ0098-C,ERZ1697444
BQ0099-C,ERZ1697445
BQ0100-C,ERZ1697446
BQ0102-C,ERZ1697447
BQ0103-C,ERZ1697448
BQ0106-C,ERZ1697449
BQ0107-C,ERZ1697450
BQ0108-C,ERZ1697451
BQ0109-C,ERZ1697452
BQ0110-C,ERZ1697453
BQ0111-C,ERZ1697454
BQ0114-C,ERZ1697455
BQ0115-C,ERZ1697456
BQ0116-C,ERZ1697457
BQ0117-C,ERZ1697458
BQ0118-C,ERZ1697459
BQ0119-C,ERZ1697460
BQ0120-C,ERZ1697461
BQ0121-C,ERZ1697462
BQ0122-C,ERZ1697463
BQ0123-C,ERZ1697464
BQ0125-C,ERZ1697465
BQ0126-C,ERZ1697466
BQ0129-C,ERZ1697467
BQ0130-C,ERZ1697468
BL0046-C,ERZ1697469
BL0047-C,ERZ1697470
BL0048-C,ERZ1697471
BL0049-C,ERZ1697472
BL0050-C,ERZ1697473
BL0052-C,ERZ1697474
BL0054-C,ERZ1697475
BL0055-C,ERZ1697476
BL0058-C,ERZ1697477
BL0059-C,ERZ1697478
BL0060-C,ERZ1697479
BL0061-C,ERZ1697480
BL0062-C,ERZ1697481
BL0063-C,ERZ1697482
BL0065-C,ERZ1697483
BL0067-C,ERZ1697484
BL0068-C,ERZ1697485
BL0069-C,ERZ1697486
BL0070-C,ERZ1697487
BL0071-C,ERZ1697488
BL0072-C,ERZ1697489
BL0073-C,ERZ1697490
BL0074-C,ERZ1697491
BL0075-C,ERZ1697492
BL0076-C,ERZ1697493
BL0078-C,ERZ1697494
BL0079-C,ERZ1697495
BL0081-C,ERZ1697496
BL0082-C,ERZ1697497
BL0083-C,ERZ1697498
BL0084-C,ERZ1697499
BL0085-C,ERZ1697500
BL0086-C,ERZ1697501
BL0087-C,ERZ1697502
BL0088-C,ERZ1697503
BL0089-C,ERZ1697504
BL0090-C,ERZ1697505
BL0091-C,ERZ1697506
BL0092-C,ERZ1697507
BL0093-C,ERZ1697508
BL0094-C,ERZ1697509
BL0095-C,ERZ1697510
BL0096-C,ERZ1697511
BL0097-C,ERZ1697512
BL0099-C,ERZ1697513
BL0100-C,ERZ1697514
BL0101-C,ERZ1697515
BL0102-C,ERZ1697516
BL0103-C,ERZ1697517
BL0105-C,ERZ1697518
BL0106-C,ERZ1697519
BL0107-C,ERZ1697520
BL0108-C,ERZ1697521
BL0109-C,ERZ1697522
BL0110-C,ERZ1697523
BL0111-C,ERZ1697524
BL0112-C,ERZ1697525
BL0113-C,ERZ1697526
BL0114-C,ERZ1697527
BL0115-C,ERZ1697528
BL0116-C,ERZ1697529
BL0117-C,ERZ1697530
BL0118-C,ERZ1697531
BL0119-C,ERZ1697532
BL0120-C,ERZ1697533
BL0121-C,ERZ1697534
BL0124-C,ERZ1697535
BL0125-C,ERZ1697536
BL0126-C,ERZ1697537
BL0127-C,ERZ1697538
BL0128-C,ERZ1697539
BL0129-C,ERZ1697540
BL0131-C,ERZ1697541
BL0133-C,ERZ1697542
BL0135-C,ERZ1697543
BL0136-C,ERZ1697544
BL0137-C,ERZ1697545
BL0138-C,ERZ1697546
BL0139-C,ERZ1697547
BL0140-C,ERZ1697548
BL0141-C,ERZ1697549
BL0142-C,ERZ1697550
BL0145-C,ERZ1697551
BL0146-C,ERZ1697552
BL0147-C,ERZ1697553
BL0148-C,ERZ1697554
BL0149-C,ERZ1697555
BL0150-C,ERZ1697556
BL0151-C,ERZ1697557
BL0152-C,ERZ1697558
BL0153-C,ERZ1697559
BL0154-C,ERZ1697560
BL0155-C,ERZ1697561
BL0156-C,ERZ1697562
BL0157-C,ERZ1697563
BL0158-C,ERZ1697564
BL0159-C,ERZ1697565
BL0161-C,ERZ1697566
BL0163-C,ERZ1697567
BL0164-C,ERZ1697568
BL0165-C,ERZ1697569
BL0166-C,ERZ1697570
BL0167-C,ERZ1697571
BL0168-C,ERZ1697572
BL0169-C,ERZ1697573
BL0170-C,ERZ1697574
BL0171-C,ERZ1697575
BL0172-C,ERZ1697576
BL0173-C,ERZ1697577
BL0176-C,ERZ1697578
BL0177-C,ERZ1697579
BL0178-C,ERZ1697580
BL0180-C,ERZ1697581
BL0182-C,ERZ1697582
BL0183-C,ERZ1697583
BL0184-C,ERZ1697584
BL0185-C,ERZ1697585
BL0186-C,ERZ1697586
BL0187-C,ERZ1697587
BL0189-C,ERZ1697588
BL0190-C,ERZ1697589
BL0192-C,ERZ1697590
BL0193-C,ERZ1697591
BL0194-C,ERZ1697592
BL0195-C,ERZ1697593
BL0196-C,ERZ1697594
BL0197-C,ERZ1697595
BL0198-C,ERZ1697596
BL0199-C,ERZ1697597
BL0200-C,ERZ1697598
BL0201-C,ERZ1697599
BL0202-C,ERZ1697600
BL0203-C,ERZ1697601
BL0204-C,ERZ1697602
BL0205-C,ERZ1697603
BL0207-C,ERZ1697604
BL0208-C,ERZ1697605
BL0209-C,ERZ1697606
BL0210-C,ERZ1697607
BL0211-C,ERZ1697608
BL0212-C,ERZ1697609
BL0213-C,ERZ1697610
BL0214-C,ERZ1697611
BL0215-C,ERZ1697612
BL0216-C,ERZ1697613
BL0217-C,ERZ1697614
BL0218-C,ERZ1697615
BL0221-C,ERZ1697616
BL0222-C,ERZ1697617
BL0223-C,ERZ1697618
BL0224-C,ERZ1697619
BL0225-C,ERZ1697620
BL0226-C,ERZ1697621
BL0227-C,ERZ1697622
BL0228-C,ERZ1697623
BL0229-C,ERZ1697624
BL0230-C,ERZ1697625
BL0231-C,ERZ1697626
BL0232-C,ERZ1697627
BL0233-C,ERZ1697628
BL0234-C,ERZ1697629
BL0235-C,ERZ1697630
BL0236-C,ERZ1697631
BL0238-C,ERZ1697632
BL0239-C,ERZ1697633
BL0240-C,ERZ1697634
BL0241-C,ERZ1697635
BL0242-C,ERZ1697636
BL0243-C,ERZ1697637
BL0244-C,ERZ1697638
BL0246-C,ERZ1697639
BL0247-C,ERZ1697640
BL0250-CW,ERZ1697641
BL0251-C,ERZ1697642
BL0252-C,ERZ1697643
BL0253-C,ERZ1697644
BL0254-C,ERZ1697645
BL0255-C,ERZ1697646
BL0256-C,ERZ1697647
BL0257-C,ERZ1697648
BL0258-C,ERZ1697649
BL0259-C,ERZ1697650
BL0260-C,ERZ1697651
BL0261-C,ERZ1697652
BL0263-C,ERZ1697653
BL0264-C,ERZ1697654
BL0266-C,ERZ1697655
BL0267-C,ERZ1697656
BL0269-C,ERZ1697657
BL0271-C,ERZ1697658
BL0272-C,ERZ1697659
BL0273-C,ERZ1697660
BL0275-C,ERZ1697661
BL0276-C,ERZ1697662
BL0277-C,ERZ1697663
BL0278-C,ERZ1697664
BL0280-C,ERZ1697665
BL0281-C,ERZ1697666
BL0282-C,ERZ1697667
BL0283-C,ERZ1697668
BL0284-C,ERZ1697669
BL0285-C,ERZ1697670
BL0286-C,ERZ1697671
BL0287-C,ERZ1697672
BL0288-C,ERZ1697673
BL0290-C,ERZ1697674
BL0291-C,ERZ1697675
BL0292-C,ERZ1697676
BL0293-C,ERZ1697677
BL0294-C,ERZ1697678
BL0296-C,ERZ1697679
BL0297-C,ERZ1697680
BL0298-C,ERZ1697681
BL0299-C,ERZ1697682
BL0300-C,ERZ1697683
BL0301-C,ERZ1697684
BL0302-C,ERZ1697685
BL0303-C,ERZ1697686
BL0304-C,ERZ1697687
BL0305-C,ERZ1697688
BL0306-C,ERZ1697689
BL0307-C,ERZ1697690
BL0308-C,ERZ1697691
BL0309-C,ERZ1697692
BL0310-C,ERZ1697693
BL0311-C,ERZ1697694
BL0312-C,ERZ1697695
BL0313-C,ERZ1697696
BL0314-C,ERZ1697697
BL0315-C,ERZ1697698
BL0316-C,ERZ1697699
BL0317-C,ERZ1697700
BL0318-C,ERZ1697701
BL0319-C,ERZ1697702
BL0320-C,ERZ1697703
BL0321-C,ERZ1697704
BL0322-C,ERZ1697705
BL0323-C,ERZ1697706
BL0324-C,ERZ1697707
BL0325-C,ERZ1697708
BL0326-C,ERZ1697709
BL0327-C,ERZ1697710
BL0328-C,ERZ1697711
BL0332-C,ERZ1697712
BL0333-C,ERZ1697713
BL0334-C,ERZ1697714
BL0335-C,ERZ1697715
BL0336-C,ERZ1697716
BL0337-C,ERZ1697717
BL0338-C,ERZ1697718
BL0339-C,ERZ1697719
BL0340-C,ERZ1697720
BL0341-C,ERZ1697721
BL0342-C,ERZ1697722
BL0343-C,ERZ1697723
BL0344-C,ERZ1697724
BL0345-C,ERZ1697725
BL0346-C,ERZ1697726
BL0347-C,ERZ1697727
BL0348-C,ERZ1697728
BL0350-C,ERZ1697729
BL0351-C,ERZ1697730
BL0352-C,ERZ1697731
BL0353-C,ERZ1697732
BL0354-C,ERZ1697733
BL0356-C,ERZ1697734
BL0357-C,ERZ1697735
BL0358-C,ERZ1697736
BL0359-C,ERZ1697737
BL0360-C,ERZ1697738
BL0361-C,ERZ1697739
BL0362-C,ERZ1697740
BL0363-C,ERZ1697741
BL0365-C,ERZ1697742
BL0366-C,ERZ1697743
BL0367-C,ERZ1697744
BL0368-C,ERZ1697745
BL0370-C,ERZ1697746
BL0371-C,ERZ1697747
BL0372-C,ERZ1697748
BL0373-C,ERZ1697749
BL0375-C,ERZ1697750
BL0376-C,ERZ1697751
BL0377-C,ERZ1697752
BL0378-C,ERZ1697753
BL0379-C,ERZ1697754
BL0380-C,ERZ1697755
BL0381-C,ERZ1697756
BL0382-C,ERZ1697757
BL0383-C,ERZ1697758
BL0384-C,ERZ1697759
BL0385-C,ERZ1697760
BL0386-C,ERZ1697761
BL0387-C,ERZ1697762
BL0388-C,ERZ1697763
BL0389-C,ERZ1697764
BL0391-C,ERZ1697765
BL0392-C,ERZ1697766
BL0393-C,ERZ1697767
BL0394-C,ERZ1697768
AC0007-C,ERZ1697769
AC0008-C,ERZ1697770
AC0009-Cx,ERZ1697771
AC0010-C,ERZ1697772
AC0011-C,ERZ1697773
AC0012-Cx,ERZ1697774
AC0013-Cx,ERZ1697775
AC0014-C,ERZ1697776
AC0015-C,ERZ1697777
AC0016-C,ERZ1697778
AC0017-C,ERZ1697779
AC0018-Cx,ERZ1697780
AC0019-C,ERZ1697781
AC0021-C,ERZ1697782
AC0022-C,ERZ1697783
AC0023-C,ERZ1697784
AC0024-Cx,ERZ1697785
AC0025-C,ERZ1697786
AC0026-C,ERZ1697787
AC0027-C,ERZ1697788
AC0028-C,ERZ1697789
AC0029-C,ERZ1697790
AC0030-C,ERZ1697791
AC0031-Cx,ERZ1697792
AC0032-C,ERZ1697793
AC0033-Cx,ERZ1697794
AC0034-C,ERZ1697795
AC0035-C,ERZ1697796
AC0036-C,ERZ1697797
AC0037-C,ERZ1697798
AC0038-Cx,ERZ1697799
AC0039-C,ERZ1697800
AC0040-C,ERZ1697801
AC0041-Cx,ERZ1697802
AC0042-C,ERZ1697803
AC0043-C,ERZ1697804
AC0044-Cx,ERZ1697805
AC0045-C,ERZ1697806
AC0046-C,ERZ1697807
AC0047-C,ERZ1697808
AC0048-Cx,ERZ1697809
AC0049-C,ERZ1697810
AC0050-Cx,ERZ1697811
AC0051-C,ERZ1697812
AC0052-Cx,ERZ1697813
AC0053-C,ERZ1697814
AC0054-C,ERZ1697815
AC0055-C,ERZ1697816
AC0056-C,ERZ1697817
AC0057-C,ERZ1697818
AC0058-C,ERZ1697819
AC0059-C,ERZ1697820
AC0060-C,ERZ1697821
AC0061-C,ERZ1697822
AC0062-C,ERZ1697823
AC0063-C,ERZ1697824
AC0064-C,ERZ1697825
AC0065-C,ERZ1697826
AC0066-C,ERZ1697827
AC0067-Cx,ERZ1697828
AC0068-C,ERZ1697829
AC0069-C,ERZ1697830
AC0070-C,ERZ1697831
AC0071-C,ERZ1697832
AC0072-C,ERZ1697833
AC0073-C,ERZ1697834
AC0074-C,ERZ1697835
AC0075-C,ERZ1697836
AC0076-C,ERZ1697837
AC0077-C,ERZ1697838
AC0078-C,ERZ1697839
AC0079-C,ERZ1697840
AC0080-Cx,ERZ1697841
AC0081-C,ERZ1697842
AC0082-C,ERZ1697843
AC0083-C,ERZ1697844
AC0084-C,ERZ1697845
AC0085-C,ERZ1697846
AC0086-C,ERZ1697847
AC0087-Cx,ERZ1697848
AC0088-C,ERZ1697849
AC0089-Cx,ERZ1697850
AC0090-C,ERZ1697851
AC0091-Cx,ERZ1697852
AC0092-C,ERZ1697853
AC0093-C,ERZ1697854
AC0094-C,ERZ1697855
AC0095-C,ERZ1697856
AC0096-Cx,ERZ1697857
AC0097-C,ERZ1697858
AC0098-C,ERZ1697859
AC0099-C,ERZ1697860
AC0100-C,ERZ1697861
AC0101-C,ERZ1697862
AC0102-Cx,ERZ1697863
AC0103-Cx,ERZ1697864
AC0104-Cx,ERZ1697865
AC0105-C,ERZ1697866
AC0106-C,ERZ1697867
AC0107-C,ERZ1697868
AC0108-C,ERZ1697869
AC0109-C,ERZ1697870
AC0110-Cx,ERZ1697871
AC0111-Cx,ERZ1697872
AC0112-C,ERZ1697873
AC0113-Cx,ERZ1697874
AC0114-C,ERZ1697875
AC0115-C,ERZ1697876
AC0116-C,ERZ1697877
AC0117-Cx,ERZ1697878
AC0118-C,ERZ1697879
AC0119-C,ERZ1697880
AC0120-C,ERZ1697881
AC0121-C,ERZ1697882
AC0122-C,ERZ1697883
AC0123-C,ERZ1697884
AC0124-C,ERZ1697885
AC0125-C,ERZ1697886
AC0126-Cx,ERZ1697887
AC0127-C,ERZ1697888
AC0128-Cx,ERZ1697889
AC0129-C,ERZ1697890
AC0130-C,ERZ1697891
AC0131-C,ERZ1697892
AC0132-C,ERZ1697893
AC0133-C,ERZ1697894
AC0134-Cx,ERZ1697895
AC0135-C,ERZ1697896
AC0136-C,ERZ1697897
AC0137-C,ERZ1697898
AC0138-Cx,ERZ1697899
AC0139-C,ERZ1697900
AC0140-C,ERZ1697901
AC0141-C,ERZ1697902
AC0142-C,ERZ1697903
AC0143-C,ERZ1697904
AC0144-Cx,ERZ1697905
AC0145-Cx,ERZ1697906
AC0146-C,ERZ1697907
AC0147-Cx,ERZ1697908
AC0148-C,ERZ1697909
AC0149-Cx,ERZ1697910
AC0150-C,ERZ1697911
AC0151-C,ERZ1697912
AC0152-C,ERZ1697913
AC0153-C,ERZ1697914
AC0154-C,ERZ1697915
AC0155-C,ERZ1697916
AC0156-C,ERZ1697917
AC0157-C,ERZ1697918
AC0158-C,ERZ1697919
AC0159-C,ERZ1697920
AC0160-C,ERZ1697921
AC0161-C,ERZ1697922
AC0162-Cx,ERZ1697923
AC0163-C,ERZ1697924
AC0164-C,ERZ1697925
AC0166-C,ERZ1697926
AC0167-C,ERZ1697927
AC0168-Cx,ERZ1697928
AC0169-C,ERZ1697929
AC0170-C,ERZ1697930
AC0171-C,ERZ1697931
AC0172-C,ERZ1697932
AC0173-C,ERZ1697933
AC0174-Cx,ERZ1697934
AC0176-Cx,ERZ1697935
AC0177-C,ERZ1697936
AC0178-C,ERZ1697937
AC0179-C,ERZ1697938
AC0180-C,ERZ1697939
AC0181-C,ERZ1697940
AC0182-C,ERZ1697941
AC0183-C,ERZ1697942
AC0184-C,ERZ1697943
AC0185-C,ERZ1697944
AC0186-C,ERZ1697945
AC0187-C,ERZ1697946
AC0188-C,ERZ1697947
AC0189-C,ERZ1697948
AC0190-C,ERZ1697949
AC0191-C,ERZ1697950
AC0192-C,ERZ1697951
AC0193-C,ERZ1697952
AC0194-C,ERZ1697953
AC0195-C,ERZ1697954
AC0196-C,ERZ1697955
AC0197-Cx,ERZ1697956
AC0198-C,ERZ1697957
AC0199-C,ERZ1697958
AC0200-C,ERZ1697959
AC0201-Cx,ERZ1697960
AC0202-Cx,ERZ1697961
AC0203-C,ERZ1697962
AC0204-C,ERZ1697963
AC0205-C,ERZ1697964
AC0206-C,ERZ1697965
AC0207-C,ERZ1697966
AC0208-C,ERZ1697967
AC0209-C,ERZ1697968
AC0210-C,ERZ1697969
AC0211-C,ERZ1697970
AC0212-C,ERZ1697971
AC0213-C,ERZ1697972
AC0214-C,ERZ1697973
AC0215-C,ERZ1697974
AC0216-C,ERZ1697975
AC0217-C,ERZ1697976
AC0218-C,ERZ1697977
AC0219-C,ERZ1697978
AC0220-C,ERZ1697979
AC0221-C,ERZ1697980
AC0222-C,ERZ1697981
AC0223-C,ERZ1697982
AC0224-C,ERZ1697983
AC0225-C,ERZ1697984
AC0226-C,ERZ1697985
AC0227-C,ERZ1697986
AC0228-C,ERZ1697987
AC0229-C,ERZ1697988
AC0230-C,ERZ1697989
AC0231-C,ERZ1697990
AC0232-C,ERZ1697991
AC0233-C,ERZ1697992
AC0234-C,ERZ1697993
AC0235-C,ERZ1697994
AC0236-C,ERZ1697995
AC0237-C,ERZ1697996
AC0238-C,ERZ1697997
AC0239-C,ERZ1697998
AC0240-C,ERZ1697999
AC0241-C,ERZ1698000
AC0242-C,ERZ1698001
AC0243-C,ERZ1698002
AC0244-C,ERZ1698003
AC0245-C,ERZ1698004
AC0246-C,ERZ1698005
AC0247-C,ERZ1698006
AC0248-C,ERZ1698007
AC0249-C,ERZ1698008
AC0250-C,ERZ1698009
AC0251-C,ERZ1698010
AC0252-C,ERZ1698011
AC0253-C,ERZ1698012
AC0254-C,ERZ1698013
AC0255-C,ERZ1698014
AC0256-C,ERZ1698015
AC0257-C,ERZ1698016
AC0258-C,ERZ1698017
AC0259-C,ERZ1698018
AC0260-C,ERZ1698019
AC0261-C,ERZ1698020
AC0262-C,ERZ1698021
AC0263-C,ERZ1698022
AC0264-C,ERZ1698023
AC0265-C,ERZ1698024
AC0266-C,ERZ1698025
AC0267-C,ERZ1698026
AC0268-C,ERZ1698027
AC0269-C,ERZ1698028
AC0270-C,ERZ1698029
AC0271-C,ERZ1698030
AC0272-C,ERZ1698031
AC0273-C,ERZ1698032
AC0274-C,ERZ1698033
AC0275-C,ERZ1698034
AC0276-C,ERZ1698035
AC0277-C,ERZ1698036
AC0278-C,ERZ1698037
AC0279-C,ERZ1698038
AC0280-C,ERZ1698039
AC0281-C,ERZ1698040
AC0282-C,ERZ1698041
AC0283-C,ERZ1698042
AC0284-C,ERZ1698043
AC0285-C,ERZ1698044
AC0286-C,ERZ1698045
AC0287-C,ERZ1698046
AC0288-C,ERZ1698047
AC0289-C,ERZ1698048
AC0290-C,ERZ1698049
AC0291-C,ERZ1698050
AC0292-C,ERZ1698051
AC0293-C,ERZ1698052
AC0294-C,ERZ1698053
AC0295-C,ERZ1698054
AC0296-C,ERZ1698055
AC0297-C,ERZ1698056
AC0298-C,ERZ1698057
AC0299-C,ERZ1698058
AC0300-C,ERZ1698059
AC0301-C,ERZ1698060
AC0303-C,ERZ1698061
AC0304-C,ERZ1698062
AC0305-C,ERZ1698063
AC0306-C,ERZ1698064
AC0307-C,ERZ1698065
AC0308-C,ERZ1698066
AC0309-C,ERZ1698067
AC0310-C,ERZ1698068
AC0311-C,ERZ1698069
AC0312-C,ERZ1698070
AC0313-C,ERZ1698071
AC0314-C,ERZ1698072
AC0315-C,ERZ1698073
AC0316-C,ERZ1698074
AC0317-C,ERZ1698075
AC0318-C,ERZ1698076
AC0319-C,ERZ1698077
AC0320-C,ERZ1698078
AC0321-C,ERZ1698079
AC0322-C,ERZ1698080
AC0323-C,ERZ1698081
AC0324-C,ERZ1698082
AC0325-C,ERZ1698083
AC0326-C,ERZ1698084
AC0327-C,ERZ1698085
AC0328-C,ERZ1698086
AC0329-C,ERZ1698087
AC0330-C,ERZ1698088
AC0331-C,ERZ1698089
AC0332-C,ERZ1698090
AC0333-C,ERZ1698091
AC0334-C,ERZ1698092
AC0335-C,ERZ1698093
AC0336-C,ERZ1698094
AC0337-C,ERZ1698095
AC0338-C,ERZ1698096
AC0339-C,ERZ1698097
AC0340-C,ERZ1698098
AC0341-C,ERZ1698099
AC0342-C,ERZ1698100
AC0343-C,ERZ1698101
AC0344-C,ERZ1698102
AC0345-C,ERZ1698103
AC0346-C,ERZ1698104
AC0347-C,ERZ1698105
AC0348-C,ERZ1698106
AC0349-C,ERZ1698107
AC0382-C,ERZ1698108
AC0383-C,ERZ1698109
AC0384-C,ERZ1698110
AC0385-C,ERZ1698111
AC0386-C,ERZ1698112
AC0387-C,ERZ1698113
AC0388-C,ERZ1698114
AC0389-C,ERZ1698115
AC0390-C,ERZ1698116
AC0391-C,ERZ1698117
AC0392-C,ERZ1698118
AC0393-C,ERZ1698119
AC0398-C,ERZ1698120
AC0406-C,ERZ1698121
AC0416-C,ERZ1698122
AD0142-C,ERZ1698123
AD0143-C,ERZ1698124
AD0146-C,ERZ1698125
AD0147-C,ERZ1698126
AD0148-C,ERZ1698127
AD0149-C,ERZ1698128
AD0150-C,ERZ1698129
AD0151-C,ERZ1698130
AD0152-C,ERZ1698131
AD0153-C,ERZ1698132
AD0154-C,ERZ1698133
AD0155-C,ERZ1698134
AD0156-C,ERZ1698135
AD0157-C,ERZ1698136
AD0158-C,ERZ1698137
AD0159-C,ERZ1698138
AD0160-C,ERZ1698139
AD0161-C,ERZ1698140
AD0162-C,ERZ1698141
AD0163-C,ERZ1698142
AD0164-C,ERZ1698143
AD0165-C,ERZ1698144
AD0231-C,ERZ1698145
AD0232-C,ERZ1698146
AD0234-C,ERZ1698147
AD0235-C,ERZ1698148
AD0236-C,ERZ1698149
AD0237-C,ERZ1698150
AD0238-C,ERZ1698151
AD0239-C,ERZ1698152
AD0240-C,ERZ1698153
AD0241-C,ERZ1698154
AD0242-C,ERZ1698155
AD0243-C,ERZ1698156
AD0244-C,ERZ1698157
AD0245-C,ERZ1698158
AD0246-C,ERZ1698159
AD0247-C,ERZ1698160
AD0248-C,ERZ1698161
AD0249-C,ERZ1698162
AD0250-C,ERZ1698163
AD0251-C,ERZ1698164
AD0252-C,ERZ1698165
AD0253-C,ERZ1698166
AD0254-C,ERZ1698167
AD0255-C,ERZ1698168
AD0259-C,ERZ1698169
AD0260-C,ERZ1698170
AD0261-C,ERZ1698171
AD0262-C,ERZ1698172
AD0263-C,ERZ1698173
AD0264-C,ERZ1698174
AD0265-C,ERZ1698175
AD0266-C,ERZ1698176
AD0267-C,ERZ1698177
AD0268-C,ERZ1698178
AD0269-C,ERZ1698179
AD0270-C,ERZ1698180
AD0271-C,ERZ1698181
AD0272-C,ERZ1698182
AD0273-C,ERZ1698183
AD0274-C,ERZ1698184
AD0275-C,ERZ1698185
AD0276-C,ERZ1698186
AD0277-C,ERZ1698187
AD0278-C,ERZ1698188
AD0283-C,ERZ1698189
AD0284-C,ERZ1698190
AD0285-C,ERZ1698191
AD0286-C,ERZ1698192
AD0287-C,ERZ1698193
AD0288-C,ERZ1698194
AD0289-C,ERZ1698195
AD0290-C,ERZ1698196
AD0291-C,ERZ1698197
AD0292-C,ERZ1698198
AD0293-C,ERZ1698199
AD0294-C,ERZ1698200
AD0295-C,ERZ1698201
AD0296-C,ERZ1698202
AD0297-C,ERZ1698203
AD0298-C,ERZ1698204
AD0299-C,ERZ1698205
AD0300-C,ERZ1698206
AD0301-C,ERZ1698207
AD0302-C,ERZ1698208
AD0303-C,ERZ1698209
AD0304-C,ERZ1698210
AD0305-C,ERZ1698211
AD0306-C,ERZ1698212
AD0309-C,ERZ1698213
AD0310-C,ERZ1698214
AD0311-C,ERZ1698215
AD0312-C,ERZ1698216
AD0313-C,ERZ1698217
AD0314-C,ERZ1698218
AD0315-C,ERZ1698219
AD0316-C,ERZ1698220
AD0317-C,ERZ1698221
AD0318-C,ERZ1698222
AD0319-C,ERZ1698223
AD0320-C,ERZ1698224
AD0321-C,ERZ1698225
AD0322-C,ERZ1698226
AD0323-C,ERZ1698227
AD0324-C,ERZ1698228
AD0325-C,ERZ1698229
AD0327-C,ERZ1698230
AD0328-C,ERZ1698231
AD0329-C,ERZ1698232
AD0330-C,ERZ1698233
AD0331-C,ERZ1698234
AD0332-C,ERZ1698235
AD0334-C,ERZ1698236
AD0335-C,ERZ1698237
AD0336-C,ERZ1698238
AD0337-C,ERZ1698239
AD0338-C,ERZ1698240
AD0339-C,ERZ1698241
AD0340-C,ERZ1698242
AD0341-C,ERZ1698243
AD0342-C,ERZ1698244
AD0343-C,ERZ1698245
AD0344-C,ERZ1698246
AD0345-C,ERZ1698247
AD0346-C,ERZ1698248
AD0347-C,ERZ1698249
AD0348-C,ERZ1698250
AD0351-C,ERZ1698251
AD0352-C,ERZ1698252
AD0353-C,ERZ1698253
AD0354-C,ERZ1698254
AD0355-C,ERZ1698255
AD0356-C,ERZ1698256
AD0357-C,ERZ1698257
AD0358-C,ERZ1698258
AD0359-C,ERZ1698259
AD0360-C,ERZ1698260
AD0361-C,ERZ1698261
AD0362-C,ERZ1698262
AD0363-C,ERZ1698263
AD0364-C,ERZ1698264
AD0365-C,ERZ1698265
AD0366-C,ERZ1698266
AD0367-C,ERZ1698267
AD0368-C,ERZ1698268
AD0369-C,ERZ1698269
AD0370-C,ERZ1698270
AD0371-C,ERZ1698271
AD0372-C,ERZ1698272
AD0374-C,ERZ1698273
AD0375-C,ERZ1698274
AD0376-C,ERZ1698275
AD0377-C,ERZ1698276
AD0378-C,ERZ1698277
AD0379-C,ERZ1698278
AD0380-C,ERZ1698279
AD0381-C,ERZ1698280
AD0382-C,ERZ1698281
AD0383-C,ERZ1698282
AD0384-C,ERZ1698283
AD0385-C,ERZ1698284
AD0386-C,ERZ1698285
AD0387-C,ERZ1698286
AD0388-C,ERZ1698287
AD0389-C,ERZ1698288
AD0390-C,ERZ1698289
AD0391-C,ERZ1698290
AD0392-C,ERZ1698291
AD0393-C,ERZ1698292
AD0422-C,ERZ1698293
AD0423-C,ERZ1698294
AD0427-C,ERZ1698295
AD0428-C,ERZ1698296
AD0429-C,ERZ1698297
AD0430-C,ERZ1698298
AD0431-C,ERZ1698299
AD0432-C,ERZ1698300
AD0433-C,ERZ1698301
AD0434-C,ERZ1698302
AD0435-C,ERZ1698303
AD0436-C,ERZ1698304
AD0437-C,ERZ1698305
AD0438-C,ERZ1698306
AD0439-C,ERZ1698307
AD0440-C,ERZ1698308
AD0441-C,ERZ1698309
AD0442-C,ERZ1698310
AD0443-C,ERZ1698311
AD0444-C,ERZ1698312
AD0446-C,ERZ1698313
AD0447-C,ERZ1698314
AD0448-C,ERZ1698315
AD0453-C,ERZ1698316
AD0454-C,ERZ1698317
AD0455-C,ERZ1698318
AD0456-C,ERZ1698319
AD0457-C,ERZ1698320
AD0458-C,ERZ1698321
AD0459-C,ERZ1698322
AD0460-C,ERZ1698323
AD0461-C,ERZ1698324
AD0462-C,ERZ1698325
AD0463-C,ERZ1698326
AD0464-C,ERZ1698327
AD0465-C,ERZ1698328
AD0466-C,ERZ1698329
AD0467-C,ERZ1698330
AD0468-C,ERZ1698331
AD0469-C,ERZ1698332
AD0471-C,ERZ1698333
AD0472-C,ERZ1698334
AD0473-C,ERZ1698335
AD0474-C,ERZ1698336
AD0479-C,ERZ1698337
AD0480-C,ERZ1698338
AD0481-C,ERZ1698339
AD0482-C,ERZ1698340
AD0483-C,ERZ1698341
AD0484-C,ERZ1698342
AD0486-C,ERZ1698343
AD0487-C,ERZ1698344
AD0488-C,ERZ1698345
AD0489-C,ERZ1698346
AD0490-C,ERZ1698347
AD0491-C,ERZ1698348
AD0492-C,ERZ1698349
AD0493-C,ERZ1698350
AD0494-C,ERZ1698351
AD0495-C,ERZ1698352
AD0496-C,ERZ1698353
AD0497-C,ERZ1698354
AD0498-C,ERZ1698355
